sleeve,sym,dir,usd,t0,t1,mins,day,null,alpha
ES:flow,ES,1,5037.5,2026-07-30 09:25:00.874000-04:00,2026-07-31 16:00:00.883000-04:00,1835.00015,2026-07-31,,
ES:flow,ES,1,7012.5,2026-07-30 09:25:00.874000-04:00,2026-08-03 09:25:00.569000-04:00,5759.9949166666665,2026-08-03,,
ES:flow,ES,1,-150.0,2026-08-03 15:59:00-04:00,2026-08-03 15:59:58.526000-04:00,0.9754333333333334,2026-08-03,8.6875,-158.6875
ES:flow,ES,1,1462.5,2026-08-03 16:00:00.603000-04:00,2026-08-04 09:30:04.904000-04:00,1050.0716833333333,2026-08-04,,
ES:flow,ES,1,193.75,2026-08-04 09:32:00.300000-04:00,2026-08-04 09:56:36.866000-04:00,24.609433333333335,2026-08-04,376.625,-182.875
ES:flow,ES,1,2315.625,2026-08-04 09:32:00.300000-04:00,2026-08-05 15:04:50.807000-04:00,1772.8417833333333,2026-08-05,,
ES:flow,ES,1,1245.3125,2026-08-04 09:32:00.300000-04:00,2026-08-05 15:07:58.735000-04:00,1775.9739166666666,2026-08-05,,
ES:flow,ES,1,707.8125,2026-08-04 09:32:00.300000-04:00,2026-08-05 15:59:25.693000-04:00,1827.4232166666666,2026-08-05,,
ES:flow,ES,1,0.0,2026-08-05 15:59:26.209000-04:00,2026-08-05 15:59:26.751000-04:00,0.009033333333333334,2026-08-05,-11.96875,11.96875
ES:flow,ES,1,-1075.0,2026-08-05 15:59:59.911000-04:00,2026-08-06 12:16:02.452000-04:00,1216.04235,2026-08-06,,
ES:flow,ES,1,325.0,2026-08-06 12:18:02.530000-04:00,2026-08-06 15:59:59.987000-04:00,221.95761666666667,2026-08-06,-682.1875,1007.1875
ES:flow,ES,1,912.5,2026-08-06 16:00:00-04:00,2026-08-07 09:29:35.998000-04:00,1049.5999666666667,2026-08-07,,
ES:flow,ES,1,81.25,2026-08-07 09:30:01.909000-04:00,2026-08-07 09:34:22.688000-04:00,4.346316666666667,2026-08-07,18.03125,63.21875
ES:flow,ES,1,303.125,2026-08-07 09:30:01.909000-04:00,2026-08-07 10:22:43.805000-04:00,52.69826666666667,2026-08-07,132.5,170.625
ES:flow,ES,1,689.0625,2026-08-07 09:30:01.909000-04:00,2026-08-07 11:29:46.960000-04:00,119.75085,2026-08-07,0.8125,688.25
ES:flow,ES,1,-36.71875,2026-08-07 09:30:01.909000-04:00,2026-08-07 15:03:10.909000-04:00,333.15,2026-08-07,835.59375,-872.3125
ES:flow,ES,1,187.890625,2026-08-07 09:30:01.909000-04:00,2026-08-07 15:13:00.725000-04:00,342.98026666666664,2026-08-07,910.8437500000001,-722.9531250000001
ES:flow,ES,1,175.1953125,2026-08-07 09:30:01.909000-04:00,2026-08-07 15:59:38.089000-04:00,389.603,2026-08-07,,
ES:flow,ES,1,62.59765625,2026-08-07 09:30:01.909000-04:00,2026-08-07 16:00:00.959000-04:00,389.9841666666667,2026-08-07,,
ES:flow,ES,1,137.548828125,2026-08-07 09:30:01.909000-04:00,2026-08-10 09:32:31.701000-04:00,4322.496533333333,2026-08-10,,
ES:flow,ES,1,-149.951171875,2026-08-07 09:30:01.909000-04:00,2026-08-10 09:52:40.362000-04:00,4342.6408833333335,2026-08-10,,
ES:flow,ES,1,-675.0,2026-08-10 09:55:11.595000-04:00,2026-08-10 12:31:59.961000-04:00,156.8061,2026-08-10,-295.53125,-379.46875
ES:flow,ES,1,112.5,2026-08-10 12:33:59.983000-04:00,2026-08-10 15:20:01.687000-04:00,166.0284,2026-08-10,-364.125,476.625
ES:flow,ES,1,-175.0,2026-08-10 12:33:59.983000-04:00,2026-08-10 15:50:31.548000-04:00,196.52608333333333,2026-08-10,-404.875,229.875
ES:flow,ES,1,62.5,2026-08-10 15:52:54.993000-04:00,2026-08-10 15:59:05.217000-04:00,6.1704,2026-08-10,-6.90625,69.40625
ES:flow,ES,1,187.5,2026-08-10 15:52:54.993000-04:00,2026-08-10 16:00:00.332000-04:00,7.088983333333333,2026-08-10,-1.28125,188.78125
ES:flow,ES,1,-575.0,2026-08-10 15:52:54.993000-04:00,2026-08-11 12:24:55.569000-04:00,1232.0096,2026-08-11,,
ES:flow,ES,1,-268.75,2026-08-11 12:27:26.693000-04:00,2026-08-11 14:06:30.352000-04:00,99.06098333333333,2026-08-11,-534.75,266.0
ES:flow,ES,1,828.125,2026-08-11 12:27:26.693000-04:00,2026-08-12 09:21:46.927000-04:00,1254.3372333333332,2026-08-12,,
ES:flow,ES,1,-517.1875,2026-08-11 12:27:26.693000-04:00,2026-08-12 13:13:27.628000-04:00,1486.0155833333333,2026-08-12,,
ES:flow,ES,1,-121.09375,2026-08-11 12:27:26.693000-04:00,2026-08-12 14:57:22.503000-04:00,1589.9301666666665,2026-08-12,,
ES:flow,ES,1,-460.546875,2026-08-11 12:27:26.693000-04:00,2026-08-12 15:51:17.528000-04:00,1643.84725,2026-08-12,,
ES:flow,ES,1,-217.7734375,2026-08-11 12:27:26.693000-04:00,2026-08-13 07:32:04.533000-04:00,2584.6306666666665,2026-08-13,,
ES:flow,ES,1,1522.36328125,2026-08-11 12:27:26.693000-04:00,2026-08-13 10:27:37.514000-04:00,2760.18035,2026-08-13,,
ES:flow,ES,1,272.36328125,2026-08-11 12:27:26.693000-04:00,2026-08-13 12:45:32.749000-04:00,2898.1009333333336,2026-08-13,,
ES:flow,ES,1,312.5,2026-08-13 12:47:32.523000-04:00,2026-08-13 14:45:42.467000-04:00,118.16573333333334,2026-08-13,-21.75,334.25
ES:flow,ES,1,337.5,2026-08-13 12:47:32.523000-04:00,2026-08-13 14:52:00.657000-04:00,124.4689,2026-08-13,0.84375,336.65625
ES:flow,ES,1,-31.25,2026-08-13 14:53:55.673000-04:00,2026-08-13 15:59:54.366000-04:00,65.97821666666667,2026-08-13,7.9375,-39.1875
ES:flow,ES,1,-9.375,2026-08-13 14:53:55.673000-04:00,2026-08-13 16:00:00.628000-04:00,66.08258333333333,2026-08-13,-10.4375,1.0625
ES:flow,ES,1,-496.875,2026-08-13 14:53:55.673000-04:00,2026-08-14 10:31:28.372000-04:00,1177.5449833333332,2026-08-14,,
ES:flow,ES,1,-87.5,2026-08-14 10:33:27.475000-04:00,2026-08-14 12:25:03.259000-04:00,111.59639999999999,2026-08-14,-268.65625,181.15625
ES:flow,ES,1,-662.5,2026-08-14 10:33:27.475000-04:00,2026-08-14 13:38:21.782000-04:00,184.9051166666667,2026-08-14,-468.65625,-193.84375
ES:flow,ES,1,387.5,2026-08-14 13:40:25.978000-04:00,2026-08-14 15:59:49.988000-04:00,139.40016666666668,2026-08-14,-338.34375,725.84375
ES:flow,ES,1,0.0,2026-08-14 15:59:50.467000-04:00,2026-08-14 15:59:50.467000-04:00,0.0,2026-08-14,,
ES:flow,ES,1,-418.75,2026-08-14 16:00:00.848000-04:00,2026-08-17 10:03:26.810000-04:00,3963.4327,2026-08-17,,
ES:flow,ES,1,-256.25,2026-08-14 16:00:00.848000-04:00,2026-08-17 11:32:53.417000-04:00,4052.8761499999996,2026-08-17,,
ES:flow,ES,1,-3375.0,2026-08-17 11:52:13.457000-04:00,2026-08-18 09:25:00.644000-04:00,1292.78645,2026-08-18,,
ES:flow,ES,1,37.5,2026-08-18 09:27:16.535000-04:00,2026-08-18 09:32:35.865000-04:00,5.322166666666666,2026-08-18,-4.03125,41.53125
ES:flow,ES,1,-87.5,2026-08-18 09:37:29.124000-04:00,2026-08-18 12:28:06.943000-04:00,170.63031666666666,2026-08-18,-135.96875,48.46875
ES:flow,ES,1,131.25,2026-08-18 12:31:02.241000-04:00,2026-08-18 12:50:55.048000-04:00,19.880116666666666,2026-08-18,-21.46875,152.71875
ES:flow,ES,1,-456.25,2026-08-18 12:31:02.241000-04:00,2026-08-18 14:01:59.809000-04:00,90.95946666666667,2026-08-18,-109.87499999999999,-346.375
ES:flow,ES,1,168.75,2026-08-18 14:05:53.294000-04:00,2026-08-18 14:16:04.674000-04:00,10.189666666666666,2026-08-18,-13.5625,182.3125
ES:flow,ES,1,243.75,2026-08-18 14:05:53.294000-04:00,2026-08-18 14:23:20.721000-04:00,17.457116666666664,2026-08-18,-15.125,258.875
ES:flow,ES,1,-112.5,2026-08-18 14:25:11.383000-04:00,2026-08-18 15:45:35.408000-04:00,80.40041666666666,2026-08-18,-104.75000000000001,-7.749999999999986
ES:flow,ES,1,-25.0,2026-08-18 15:48:18.595000-04:00,2026-08-18 15:50:42.734000-04:00,2.4023166666666667,2026-08-18,0.8125,-25.8125
ES:flow,ES,1,-143.75,2026-08-18 15:52:31.956000-04:00,2026-08-18 15:59:57.033000-04:00,7.41795,2026-08-18,-10.90625,-132.84375
ES:flow,ES,1,-28.125,2026-08-18 15:52:31.956000-04:00,2026-08-18 16:00:00.684000-04:00,7.478800000000001,2026-08-18,-12.5,-15.625
ES:flow,ES,1,571.875,2026-08-18 15:52:31.956000-04:00,2026-08-19 09:50:13.823000-04:00,1077.6977833333333,2026-08-19,,
ES:flow,ES,1,1550.0,2026-08-19 09:53:08.929000-04:00,2026-08-19 11:02:06.483000-04:00,68.95923333333333,2026-08-19,-26.875,1576.875
ES:flow,ES,1,-300.0,2026-08-19 11:11:10.340000-04:00,2026-08-19 11:48:14.833000-04:00,37.07488333333333,2026-08-19,-3.75,-296.25
ES:flow,ES,1,150.0,2026-08-19 11:11:10.340000-04:00,2026-08-19 12:09:32.770000-04:00,58.37383333333333,2026-08-19,-23.25,173.25
ES:flow,ES,1,-725.0,2026-08-19 11:11:10.340000-04:00,2026-08-19 15:35:26.630000-04:00,264.2715,2026-08-19,-484.875,-240.125
ES:flow,ES,1,-787.5,2026-08-19 15:41:59.695000-04:00,2026-08-20 12:36:45.952000-04:00,1254.7709499999999,2026-08-20,,
ES:flow,ES,1,-2525.0,2026-08-19 15:41:59.695000-04:00,2026-08-20 15:55:30.913000-04:00,1453.5203,2026-08-20,,
ES:flow_fixed,ES,-1,812.5,2026-07-31 15:59:59.871000-04:00,2026-07-31 16:59:59.942000-04:00,60.00118333333333,2026-07-31,-553.0,1365.5
ES:flow_fixed,ES,1,0.0,2026-08-13 15:59:59.955000-04:00,2026-08-13 16:00:00-04:00,0.00075,2026-08-13,3.78125,-3.78125
ES:flow_fixed,ES,1,50.0,2026-08-13 16:00:00.628000-04:00,2026-08-13 16:01:59.636000-04:00,1.9834666666666665,2026-08-13,0.3125,49.6875
ES:flow_fixed,ES,1,-25.0,2026-08-20 16:00:00.596000-04:00,2026-08-20 16:00:01.150000-04:00,0.009233333333333335,2026-08-20,-4.65625,-20.34375
ES:flow_fixed,ES,1,-12.5,2026-08-20 16:00:01.643000-04:00,2026-08-20 16:03:43.513000-04:00,3.6978333333333335,2026-08-20,-11.25,-1.25
ES:flow_lg,ES,1,-187.5,2026-08-17 09:56:51.761000-04:00,2026-08-17 10:03:26.810000-04:00,6.584149999999999,2026-08-17,-34.125,-153.375
ES:flow_lg,ES,-1,62.5,2026-08-17 11:32:53.417000-04:00,2026-08-17 11:52:13.457000-04:00,19.334,2026-08-17,67.8125,-5.3125
ES:flow_lg,ES,-1,37.5,2026-08-18 09:25:00.644000-04:00,2026-08-18 09:27:16.535000-04:00,2.26485,2026-08-18,-6.09375,43.59375
ES:flow_lg,ES,-1,100.0,2026-08-18 09:32:35.865000-04:00,2026-08-18 09:37:29.124000-04:00,4.88765,2026-08-18,12.71875,87.28125
ES:flow_lg,ES,-1,25.0,2026-08-18 12:28:06.943000-04:00,2026-08-18 12:31:02.241000-04:00,2.9216333333333333,2026-08-18,14.09375,10.90625
ES:flow_lg,ES,1,-12.5,2026-08-18 12:48:56.800000-04:00,2026-08-18 12:50:55.048000-04:00,1.9708,2026-08-18,0.40625,-12.90625
ES:flow_lg,ES,-1,12.5,2026-08-18 14:01:59.809000-04:00,2026-08-18 14:05:53.294000-04:00,3.8914166666666667,2026-08-18,8.40625,4.09375
ES:flow_lg,ES,1,62.5,2026-08-18 14:14:04.819000-04:00,2026-08-18 14:16:04.674000-04:00,1.9975833333333335,2026-08-18,-6.59375,69.09375
ES:flow_lg,ES,-1,50.0,2026-08-18 14:23:20.721000-04:00,2026-08-18 14:25:11.383000-04:00,1.8443666666666667,2026-08-18,7.062499999999999,42.9375
ES:flow_lg,ES,-1,75.0,2026-08-18 15:45:35.408000-04:00,2026-08-18 15:48:18.595000-04:00,2.7197833333333334,2026-08-18,10.78125,64.21875
ES:flow_lg,ES,-1,-50.0,2026-08-18 15:50:42.734000-04:00,2026-08-18 15:52:31.956000-04:00,1.8203666666666665,2026-08-18,-1.4375,-48.5625
ES:flow_lg,ES,1,-25.0,2026-08-18 15:59:56.495000-04:00,2026-08-18 15:59:57.033000-04:00,0.008966666666666668,2026-08-18,2.375,-27.375
ES:flow_lg,ES,1,37.5,2026-08-18 15:59:57.534000-04:00,2026-08-18 16:00:00.684000-04:00,0.0525,2026-08-18,-2.03125,39.53125
ES:flow_lg,ES,-1,-225.0,2026-08-19 09:50:13.823000-04:00,2026-08-19 09:53:08.929000-04:00,2.918433333333333,2026-08-19,-11.6875,-213.3125
ES:flow_lg,ES,-1,287.5,2026-08-19 11:02:06.483000-04:00,2026-08-19 11:11:10.340000-04:00,9.064283333333332,2026-08-19,18.375,269.125
ES:flow_lg,ES,1,-50.0,2026-08-19 11:47:00.388000-04:00,2026-08-19 11:48:14.833000-04:00,1.2407499999999998,2026-08-19,-2.40625,-47.59375
ES:flow_lg,ES,1,162.5,2026-08-19 12:03:25.646000-04:00,2026-08-19 12:09:32.770000-04:00,6.118733333333334,2026-08-19,1.4375,161.0625
ES:flow_lg,ES,-1,200.0,2026-08-19 15:35:26.630000-04:00,2026-08-19 15:41:59.695000-04:00,6.551083333333334,2026-08-19,10.78125,189.21875
ES:flow_lg,ES,1,50.0,2026-08-20 12:34:46.973000-04:00,2026-08-20 12:36:45.952000-04:00,1.9829833333333333,2026-08-20,-12.812499999999998,62.8125
ES:flow_lg,ES,-1,212.5,2026-08-20 15:55:30.913000-04:00,2026-08-20 15:57:34.564000-04:00,2.06085,2026-08-20,8.03125,204.46875
ES:ibs,ES,-1,-11350.0,2026-07-31 15:59:00-04:00,2026-08-05 15:59:00-04:00,7200.0,2026-08-05,,
ES:ibs,ES,-1,1737.5,2026-08-07 15:59:00-04:00,2026-08-11 15:59:00-04:00,5760.0,2026-08-11,,
ES:ignition,ES,1,-300.0,2026-07-30 09:30:00.914000-04:00,2026-07-30 09:30:26.860000-04:00,0.43243333333333334,2026-07-30,1.6875,-301.6875
ES:ignition,ES,-1,-312.5,2026-07-31 15:59:59.871000-04:00,2026-07-31 16:00:08.660000-04:00,0.14648333333333333,2026-07-31,-5.3125,-307.1875
ES:ignition,ES,-1,-150.0,2026-08-03 14:50:54.526000-04:00,2026-08-03 15:00:53.316000-04:00,9.979833333333334,2026-08-03,-86.3125,-63.6875
ES:ignition,ES,-1,-0.0,2026-08-03 15:59:45.506000-04:00,2026-08-03 15:59:46.087000-04:00,0.009683333333333332,2026-08-03,-8.28125,8.28125
ES:ignition,ES,1,450.0,2026-08-04 09:53:40.396000-04:00,2026-08-04 10:03:40.453000-04:00,10.00095,2026-08-04,135.21875,314.78125
ES:ignition,ES,-1,-12.5,2026-08-05 16:02:00.661000-04:00,2026-08-05 16:02:01.152000-04:00,0.008183333333333332,2026-08-05,4.0,-16.5
ES:ignition,ES,-1,-312.5,2026-08-06 15:50:00.207000-04:00,2026-08-06 15:54:13.381000-04:00,4.219566666666667,2026-08-06,-5.65625,-306.84375
ES:ignition,ES,1,-75.0,2026-08-10 09:30:00.922000-04:00,2026-08-10 09:34:48.717000-04:00,4.796583333333333,2026-08-10,0.375,-75.375
ES:ignition,ES,-1,-275.0,2026-08-10 09:50:49.753000-04:00,2026-08-10 09:59:49.664000-04:00,8.998516666666665,2026-08-10,18.9375,-293.9375
ES:ignition,ES,-1,-337.5,2026-08-10 12:31:59.961000-04:00,2026-08-10 12:32:07.948000-04:00,0.13311666666666666,2026-08-10,5.28125,-342.78125
ES:ignition,ES,-1,112.5,2026-08-10 15:50:00.911000-04:00,2026-08-10 15:59:00-04:00,8.984816666666667,2026-08-10,16.96875,95.53125
ES:ignition,ES,-1,-50.0,2026-08-11 15:50:00.869000-04:00,2026-08-11 15:59:00-04:00,8.985516666666665,2026-08-11,26.5,-76.5
ES:ignition,ES,-1,150.0,2026-08-12 15:50:00.816000-04:00,2026-08-12 15:59:00-04:00,8.9864,2026-08-12,14.59375,135.40625
ES:ignition,ES,-1,12.5,2026-08-18 16:00:00.684000-04:00,2026-08-18 16:00:01.189000-04:00,0.008416666666666666,2026-08-18,7.03125,5.46875
ES:ignition,ES,-1,462.5,2026-08-19 09:30:00.796000-04:00,2026-08-19 09:40:00.410000-04:00,9.993566666666668,2026-08-19,9.34375,453.15625
ES:ignition,ES,-1,100.0,2026-08-19 09:48:47.997000-04:00,2026-08-19 09:53:13.580000-04:00,4.426383333333334,2026-08-19,-5.6875,105.6875
ES:ignition,ES,-1,-137.5,2026-08-19 15:50:00.882000-04:00,2026-08-19 15:59:00-04:00,8.9853,2026-08-19,22.5,-160.0
ES:ignition,ES,-1,137.5,2026-08-20 15:55:00.786000-04:00,2026-08-20 15:59:00-04:00,3.9869,2026-08-20,29.062500000000004,108.4375
ES:ignition,ES,-1,75.0,2026-08-20 15:59:00.858000-04:00,2026-08-20 16:09:00.505000-04:00,9.994116666666667,2026-08-20,52.25,22.75
ES:ignition_fixed,ES,1,-150.0,2026-07-30 09:30:00.914000-04:00,2026-07-30 09:30:20.570000-04:00,0.3276,2026-07-30,15.281249999999998,-165.28125
ES:ignition_fixed,ES,-1,-137.5,2026-07-31 15:59:59.871000-04:00,2026-07-31 16:09:58.879000-04:00,9.983466666666667,2026-07-31,-15.687499999999998,-121.8125
ES:ignition_fixed,ES,-1,-150.0,2026-08-03 14:50:54.526000-04:00,2026-08-03 15:00:53.316000-04:00,9.979833333333334,2026-08-03,-85.8125,-64.1875
ES:ignition_fixed,ES,-1,-0.0,2026-08-03 15:59:45.506000-04:00,2026-08-03 15:59:46.087000-04:00,0.009683333333333332,2026-08-03,-7.5,7.5
ES:ignition_fixed,ES,1,137.5,2026-08-04 09:53:40.396000-04:00,2026-08-04 09:54:59.422000-04:00,1.3171,2026-08-04,20.5,117.0
ES:ignition_fixed,ES,-1,-12.5,2026-08-05 16:02:00.661000-04:00,2026-08-05 16:02:01.152000-04:00,0.008183333333333332,2026-08-05,2.59375,-15.09375
ES:ignition_fixed,ES,-1,50.0,2026-08-06 15:50:00.207000-04:00,2026-08-06 15:50:23.535000-04:00,0.3888,2026-08-06,-9.0,59.0
ES:ignition_fixed,ES,1,75.0,2026-08-10 09:30:00.922000-04:00,2026-08-10 09:30:21.224000-04:00,0.33836666666666665,2026-08-10,-2.125,77.125
ES:ignition_fixed,ES,-1,112.5,2026-08-10 09:50:49.753000-04:00,2026-08-10 09:52:27.443000-04:00,1.6281666666666665,2026-08-10,-5.53125,118.03125
ES:ignition_fixed,ES,-1,-250.0,2026-08-10 12:31:59.961000-04:00,2026-08-10 12:32:04.898000-04:00,0.08228333333333333,2026-08-10,0.09375,-250.09375
ES:ignition_fixed,ES,-1,187.5,2026-08-10 15:50:00.911000-04:00,2026-08-10 15:52:07.765000-04:00,2.1142333333333334,2026-08-10,-2.78125,190.28125
ES:ignition_fixed,ES,-1,62.5,2026-08-11 15:50:00.869000-04:00,2026-08-11 15:50:10.599000-04:00,0.16216666666666668,2026-08-11,5.25,57.25
ES:ignition_fixed,ES,-1,125.0,2026-08-12 15:50:00.816000-04:00,2026-08-12 15:51:27.640000-04:00,1.4470666666666667,2026-08-12,-0.1875,125.1875
ES:ignition_fixed,ES,-1,12.5,2026-08-18 16:00:00.684000-04:00,2026-08-18 16:00:01.189000-04:00,0.008416666666666666,2026-08-18,-0.0625,12.5625
ES:ignition_fixed,ES,-1,450.0,2026-08-19 09:30:00.796000-04:00,2026-08-19 09:39:50.996000-04:00,9.836666666666668,2026-08-19,40.5625,409.4375
ES:ignition_fixed,ES,-1,187.5,2026-08-19 09:48:47.997000-04:00,2026-08-19 09:48:56.827000-04:00,0.14716666666666667,2026-08-19,2.875,184.625
ES:ignition_fixed,ES,-1,-137.5,2026-08-19 15:50:00.882000-04:00,2026-08-19 15:59:00-04:00,8.9853,2026-08-19,40.96875,-178.46875
ES:ignition_fixed,ES,-1,137.5,2026-08-20 15:55:00.786000-04:00,2026-08-20 15:59:00-04:00,3.9869,2026-08-20,21.0,116.5
ES:ignition_fixed,ES,-1,-187.5,2026-08-20 15:59:00.858000-04:00,2026-08-20 16:01:52.842000-04:00,2.8664,2026-08-20,19.03125,-206.53125
ES:ignition_lg,ES,-1,12.5,2026-08-18 16:00:00.684000-04:00,2026-08-18 16:00:01.189000-04:00,0.008416666666666666,2026-08-18,5.53125,6.96875
ES:ignition_lg,ES,-1,462.5,2026-08-19 09:30:00.796000-04:00,2026-08-19 09:40:00.410000-04:00,9.993566666666668,2026-08-19,26.59375,435.90625
ES:ignition_lg,ES,-1,100.0,2026-08-19 09:48:47.997000-04:00,2026-08-19 09:53:13.580000-04:00,4.426383333333334,2026-08-19,4.9375,95.0625
ES:ignition_lg,ES,-1,-137.5,2026-08-19 15:50:00.882000-04:00,2026-08-19 15:59:00-04:00,8.9853,2026-08-19,34.75,-172.25
ES:ignition_lg,ES,-1,137.5,2026-08-20 15:55:00.786000-04:00,2026-08-20 15:59:00-04:00,3.9869,2026-08-20,26.03125,111.46875
ES:ignition_lg,ES,-1,75.0,2026-08-20 15:59:00.858000-04:00,2026-08-20 16:09:00.505000-04:00,9.994116666666667,2026-08-20,76.9375,-1.9375
ES:onbreak,ES,1,-1600.0,2026-07-30 10:00:00-04:00,2026-07-30 11:01:00-04:00,61.0,2026-07-30,385.46875,-1985.46875
ES:onbreak,ES,-1,387.5,2026-07-31 10:00:00-04:00,2026-07-31 10:36:00-04:00,36.0,2026-07-31,-227.40625,614.90625
ES:onbreak,ES,1,587.5,2026-07-31 15:18:00-04:00,2026-07-31 15:59:00-04:00,41.0,2026-07-31,254.84375,332.65625
ES:onbreak,ES,1,2100.0,2026-08-03 10:00:00-04:00,2026-08-03 15:59:00-04:00,359.0,2026-08-03,3166.15625,-1066.15625
ES:onbreak,ES,1,-3632.8125,2026-08-04 10:00:00-04:00,2026-08-06 08:23:00.553000-04:00,2783.009216666667,2026-08-06,,
ES:onbreak,ES,-1,-7532.8125,2026-08-06 08:23:00.553000-04:00,2026-08-06 10:03:00-04:00,99.99078333333334,2026-08-06,267.0,-7799.8125
ES:onbreak,ES,-1,106.25,2026-08-06 10:04:00-04:00,2026-08-06 10:51:00-04:00,47.0,2026-08-06,147.53125,-41.28125
ES:onbreak,ES,-1,-1493.75,2026-08-06 10:04:00-04:00,2026-08-07 11:24:00-04:00,1520.0,2026-08-07,,
ES:onbreak,ES,-1,-737.5,2026-08-07 11:42:00-04:00,2026-08-10 10:32:00-04:00,4250.0,2026-08-10,,
ES:onbreak,ES,-1,137.5,2026-08-10 10:35:00-04:00,2026-08-10 12:33:00-04:00,118.0,2026-08-10,203.0625,-65.5625
ES:onbreak,ES,-1,106.25,2026-08-10 10:35:00-04:00,2026-08-11 11:21:00-04:00,1486.0,2026-08-11,,
ES:onbreak,ES,-1,-2406.25,2026-08-10 10:35:00-04:00,2026-08-13 10:00:00-04:00,4285.0,2026-08-13,,
ES:onbreak,ES,-1,656.25,2026-08-13 10:50:00-04:00,2026-08-14 14:51:00-04:00,1681.0,2026-08-14,,
ES:onbreak,ES,-1,2115.625,2026-08-13 10:50:00-04:00,2026-08-17 19:28:02.876000-04:00,6278.047933333333,2026-08-17,,
ES:onbreak,ES,-1,2020.3125,2026-08-13 10:50:00-04:00,2026-08-18 11:04:00-04:00,7214.0,2026-08-18,,
ES:onbreak,ES,-1,-29.6875,2026-08-13 10:50:00-04:00,2026-08-19 11:00:00-04:00,8650.0,2026-08-19,,
ES:onbreak,ES,-1,3056.25,2026-08-19 11:09:00-04:00,2026-08-20 15:59:00-04:00,1730.0,2026-08-20,,
ES:onbreak_2p,ES,1,-1600.0,2026-07-30 10:00:00-04:00,2026-07-30 11:01:00-04:00,61.0,2026-07-30,368.75,-1968.75
ES:onbreak_2p,ES,-1,-462.5,2026-07-31 10:00:00-04:00,2026-07-31 10:54:00-04:00,54.0,2026-07-31,-451.0,-11.5
ES:onbreak_2p,ES,1,587.5,2026-07-31 15:18:00-04:00,2026-07-31 15:59:00-04:00,41.0,2026-07-31,267.9375,319.5625
ES:onbreak_2p,ES,1,1337.5,2026-08-03 10:00:00-04:00,2026-08-03 12:50:00-04:00,170.0,2026-08-03,1267.4375,70.0625
ES:onbreak_2p,ES,1,0.0,2026-08-04 10:00:00-04:00,2026-08-06 08:23:00.553000-04:00,2783.009216666667,2026-08-06,,
ES:onbreak_2p,ES,1,-325.0,2026-08-06 10:03:00-04:00,2026-08-06 10:04:00-04:00,1.0,2026-08-06,-6.09375,-318.90625
ES:onbreak_2p,ES,-1,-150.0,2026-08-06 10:50:00-04:00,2026-08-06 10:51:00-04:00,1.0,2026-08-06,0.53125,-150.53125
ES:onbreak_2p,ES,1,-200.0,2026-08-07 11:24:00-04:00,2026-08-07 11:42:00-04:00,18.0,2026-08-07,52.625,-252.625
ES:onbreak_2p,ES,1,-137.5,2026-08-10 10:32:00-04:00,2026-08-10 10:35:00-04:00,3.0,2026-08-10,-4.28125,-133.21875
ES:onbreak_2p,ES,-1,-450.0,2026-08-10 12:32:00-04:00,2026-08-10 12:33:00-04:00,1.0,2026-08-10,6.5625,-456.5625
ES:onbreak_2p,ES,-1,-150.0,2026-08-11 11:19:00-04:00,2026-08-11 11:21:00-04:00,2.0,2026-08-11,10.53125,-160.53125
ES:onbreak_2p,ES,1,-612.5,2026-08-13 10:00:00-04:00,2026-08-13 11:28:00-04:00,88.0,2026-08-13,23.71875,-636.21875
ES:onbreak_2p,ES,-1,775.0,2026-08-14 10:22:00-04:00,2026-08-14 11:53:00-04:00,91.0,2026-08-14,212.0625,562.9375
ES:onbreak_2p24,ES,1,-1600.0,2026-07-30 10:00:00-04:00,2026-07-30 11:01:00-04:00,61.0,2026-07-30,375.5,-1975.5
ES:onbreak_2p24,ES,-1,-462.5,2026-07-31 10:00:00-04:00,2026-07-31 10:54:00-04:00,54.0,2026-07-31,-426.375,-36.125
ES:onbreak_2p24,ES,1,587.5,2026-07-31 15:18:00-04:00,2026-07-31 15:59:00-04:00,41.0,2026-07-31,244.6875,342.8125
ES:onbreak_2p24,ES,1,1112.5,2026-08-03 10:00:00-04:00,2026-08-03 12:11:00-04:00,131.0,2026-08-03,1013.46875,99.03125
ES:onbreak_2p24,ES,1,0.0,2026-08-04 10:00:00-04:00,2026-08-05 12:23:00.074000-04:00,1583.0012333333332,2026-08-05,,
ES:onbreak_2p24,ES,1,-325.0,2026-08-06 10:03:00-04:00,2026-08-06 10:04:00-04:00,1.0,2026-08-06,0.8125,-325.8125
ES:onbreak_2p24,ES,-1,-150.0,2026-08-06 10:50:00-04:00,2026-08-06 10:51:00-04:00,1.0,2026-08-06,-0.125,-149.875
ES:onbreak_2p24,ES,1,-200.0,2026-08-07 11:24:00-04:00,2026-08-07 11:42:00-04:00,18.0,2026-08-07,45.46875,-245.46875
ES:onbreak_2p24,ES,1,-137.5,2026-08-10 10:32:00-04:00,2026-08-10 10:35:00-04:00,3.0,2026-08-10,9.78125,-147.28125
ES:onbreak_2p24,ES,-1,-450.0,2026-08-10 12:32:00-04:00,2026-08-10 12:33:00-04:00,1.0,2026-08-10,-6.5,-443.5
ES:onbreak_2p24,ES,-1,-150.0,2026-08-11 11:19:00-04:00,2026-08-11 11:21:00-04:00,2.0,2026-08-11,8.53125,-158.53125
ES:onbreak_2p24,ES,1,-612.5,2026-08-13 10:00:00-04:00,2026-08-13 11:28:00-04:00,88.0,2026-08-13,-12.3125,-600.1875
ES:onbreak_2p24,ES,-1,800.0,2026-08-14 10:22:00-04:00,2026-08-14 15:59:00-04:00,337.0,2026-08-14,1070.59375,-270.59375
ES:onbreak_2p32,ES,1,-1600.0,2026-07-30 10:00:00-04:00,2026-07-30 11:01:00-04:00,61.0,2026-07-30,450.1875,-2050.1875
ES:onbreak_2p32,ES,-1,-462.5,2026-07-31 10:00:00-04:00,2026-07-31 10:54:00-04:00,54.0,2026-07-31,-478.03125,15.53125
ES:onbreak_2p32,ES,1,587.5,2026-07-31 15:18:00-04:00,2026-07-31 15:59:00-04:00,41.0,2026-07-31,272.125,315.375
ES:onbreak_2p32,ES,1,1812.5,2026-08-03 10:00:00-04:00,2026-08-03 13:42:00-04:00,222.0,2026-08-03,1638.9062500000002,173.59374999999977
ES:onbreak_2p32,ES,1,0.0,2026-08-04 10:00:00-04:00,2026-08-05 12:23:00.074000-04:00,1583.0012333333332,2026-08-05,,
ES:onbreak_2p32,ES,1,-325.0,2026-08-06 10:03:00-04:00,2026-08-06 10:04:00-04:00,1.0,2026-08-06,-0.8125,-324.1875
ES:onbreak_2p32,ES,-1,-150.0,2026-08-06 10:50:00-04:00,2026-08-06 10:51:00-04:00,1.0,2026-08-06,-3.4687500000000004,-146.53125
ES:onbreak_2p32,ES,1,-200.0,2026-08-07 11:24:00-04:00,2026-08-07 11:42:00-04:00,18.0,2026-08-07,65.28125,-265.28125
ES:onbreak_2p32,ES,1,-137.5,2026-08-10 10:32:00-04:00,2026-08-10 10:35:00-04:00,3.0,2026-08-10,-8.90625,-128.59375
ES:onbreak_2p32,ES,-1,-450.0,2026-08-10 12:32:00-04:00,2026-08-10 12:33:00-04:00,1.0,2026-08-10,-5.34375,-444.65625
ES:onbreak_2p32,ES,-1,-150.0,2026-08-11 11:19:00-04:00,2026-08-11 11:21:00-04:00,2.0,2026-08-11,5.75,-155.75
ES:onbreak_2p32,ES,1,-612.5,2026-08-13 10:00:00-04:00,2026-08-13 11:28:00-04:00,88.0,2026-08-13,-31.84375,-580.65625
ES:onbreak_2p32,ES,-1,800.0,2026-08-14 10:22:00-04:00,2026-08-14 15:59:00-04:00,337.0,2026-08-14,1062.375,-262.375
ES:onbreak_2p32,ES,-1,1450.0,2026-08-17 10:00:00-04:00,2026-08-17 19:28:02.876000-04:00,568.0479333333333,2026-08-17,,
ES:onbreak_2p32,ES,-1,-262.5,2026-08-18 11:02:00-04:00,2026-08-18 11:04:00-04:00,2.0,2026-08-18,4.21875,-266.71875
ES:onbreak_2p32,ES,1,-275.0,2026-08-19 11:00:00-04:00,2026-08-19 11:09:00-04:00,9.0,2026-08-19,-31.59375,-243.40625
ES:onbreak_2p32,ES,-1,1487.5,2026-08-20 12:02:00-04:00,2026-08-20 15:59:00-04:00,237.0,2026-08-20,1630.5,-143.0
ES:onbreak_2p_retrace,ES,1,-1600.0,2026-07-30 10:00:00-04:00,2026-07-30 11:01:00-04:00,61.0,2026-07-30,427.09374999999994,-2027.09375
ES:onbreak_2p_retrace,ES,-1,-462.5,2026-07-31 10:00:00-04:00,2026-07-31 10:54:00-04:00,54.0,2026-07-31,-395.78125,-66.71875
ES:onbreak_2p_retrace,ES,1,587.5,2026-07-31 15:18:00-04:00,2026-07-31 15:59:00-04:00,41.0,2026-07-31,326.75,260.75
ES:onbreak_2p_retrace,ES,1,2100.0,2026-08-03 10:00:00-04:00,2026-08-03 15:59:00-04:00,359.0,2026-08-03,3170.84375,-1070.84375
ES:onbreak_2p_retrace,ES,1,0.0,2026-08-04 10:00:00-04:00,2026-08-06 08:23:00.553000-04:00,2783.009216666667,2026-08-06,,
ES:onbreak_2p_retrace,ES,1,-325.0,2026-08-06 10:03:00-04:00,2026-08-06 10:04:00-04:00,1.0,2026-08-06,-0.6875,-324.3125
ES:onbreak_2p_retrace,ES,-1,-150.0,2026-08-06 10:50:00-04:00,2026-08-06 10:51:00-04:00,1.0,2026-08-06,7.34375,-157.34375
ES:onbreak_2p_retrace,ES,1,-200.0,2026-08-07 11:24:00-04:00,2026-08-07 11:42:00-04:00,18.0,2026-08-07,24.28125,-224.28125
ES:onbreak_2p_retrace,ES,1,-137.5,2026-08-10 10:32:00-04:00,2026-08-10 10:35:00-04:00,3.0,2026-08-10,-5.78125,-131.71875
ES:onbreak_2p_retrace,ES,-1,-450.0,2026-08-10 12:32:00-04:00,2026-08-10 12:33:00-04:00,1.0,2026-08-10,-4.34375,-445.65625
ES:onbreak_2p_retrace,ES,-1,-150.0,2026-08-11 11:19:00-04:00,2026-08-11 11:21:00-04:00,2.0,2026-08-11,10.4375,-160.4375
ES:onbreak_2p_retrace,ES,1,-612.5,2026-08-13 10:00:00-04:00,2026-08-13 11:28:00-04:00,88.0,2026-08-13,-11.875,-600.625
ES:onbreak_2p_retrace,ES,-1,675.0,2026-08-14 10:22:00-04:00,2026-08-14 11:47:00-04:00,85.0,2026-08-14,231.625,443.375
ES:onbreak_2p_retrace,ES,-1,1450.0,2026-08-17 10:00:00-04:00,2026-08-17 19:28:02.876000-04:00,568.0479333333333,2026-08-17,,
ES:onbreak_2p_retrace,ES,-1,-262.5,2026-08-18 11:02:00-04:00,2026-08-18 11:04:00-04:00,2.0,2026-08-18,2.8125,-265.3125
ES:onbreak_2p_retrace,ES,1,-275.0,2026-08-19 11:00:00-04:00,2026-08-19 11:09:00-04:00,9.0,2026-08-19,3.21875,-278.21875
ES:onbreak_2p_retrace,ES,-1,1487.5,2026-08-20 12:02:00-04:00,2026-08-20 15:59:00-04:00,237.0,2026-08-20,1625.6875,-138.1875
ES:opendrive,ES,1,-2025.0,2026-07-30 10:00:00-04:00,2026-07-30 11:15:06.923000-04:00,75.11538333333333,2026-07-30,362.71875,-2387.71875
ES:opendrive,ES,-1,-1500.0,2026-07-31 10:00:00-04:00,2026-07-31 12:35:31.054000-04:00,155.51756666666668,2026-07-31,-1643.625,143.625
ES:opendrive,ES,1,2100.0,2026-08-03 10:00:00-04:00,2026-08-03 15:59:00-04:00,359.0,2026-08-03,3202.46875,-1102.46875
ES:opendrive,ES,1,581.25,2026-08-04 10:00:00-04:00,2026-08-06 11:36:38.682000-04:00,2976.6447,2026-08-06,,
ES:opendrive,ES,1,940.625,2026-08-04 10:00:00-04:00,2026-08-07 12:31:03.595000-04:00,4471.059916666666,2026-08-07,,
ES:opendrive,ES,1,901.5625,2026-08-04 10:00:00-04:00,2026-08-10 11:00:27.243000-04:00,8700.45405,2026-08-10,,
ES:opendrive,ES,1,514.0625,2026-08-04 10:00:00-04:00,2026-08-11 11:11:32.208000-04:00,10151.5368,2026-08-11,,
ES:opendrive,ES,1,862.5,2026-08-11 15:59:00-04:00,2026-08-12 10:04:03.282000-04:00,1085.0547,2026-08-12,,
ES:opendrive,ES,1,1325.0,2026-08-12 15:59:00-04:00,2026-08-13 15:59:00-04:00,1440.0,2026-08-13,,
ES:opendrive,ES,1,375.0,2026-08-12 15:59:00-04:00,2026-08-14 10:20:27.952000-04:00,2541.4658666666664,2026-08-14,,
ES:opendrive,ES,1,-937.5,2026-08-12 15:59:00-04:00,2026-08-17 10:00:57.662000-04:00,6841.961033333334,2026-08-17,,
ES:opendrive,ES,1,-2250.0,2026-08-17 19:28:02.876000-04:00,2026-08-18 10:11:35.188000-04:00,883.5385333333332,2026-08-18,,
ES:opendrive,ES,1,-168.75,2026-08-18 15:59:00-04:00,2026-08-19 15:46:08.376000-04:00,1427.1396,2026-08-19,,
ES:opendrive_2p,ES,1,-2025.0,2026-07-30 10:00:00-04:00,2026-07-30 11:15:06.923000-04:00,75.11538333333333,2026-07-30,438.84375,-2463.84375
ES:opendrive_2p,ES,-1,-2425.0,2026-07-31 10:00:00-04:00,2026-07-31 15:17:19.523000-04:00,317.3253833333334,2026-07-31,-2841.90625,416.90625
ES:opendrive_2p,ES,1,1325.0,2026-08-03 10:00:00-04:00,2026-08-03 12:26:26.115000-04:00,146.43525,2026-08-03,1111.0,214.0
ES:opendrive_2p,ES,1,1325.0,2026-08-04 10:00:00-04:00,2026-08-04 10:56:24.404000-04:00,56.406733333333335,2026-08-04,786.84375,538.15625
ES:opendrive_2p,ES,1,-1262.5,2026-08-06 10:00:00-04:00,2026-08-06 11:36:38.682000-04:00,96.6447,2026-08-06,-271.03125,-991.46875
ES:opendrive_2p,ES,1,1262.5,2026-08-07 10:00:00-04:00,2026-08-07 15:59:00-04:00,359.0,2026-08-07,731.8125,530.6875
ES:opendrive_2p16,ES,1,-2025.0,2026-07-30 10:00:00-04:00,2026-07-30 11:15:06.923000-04:00,75.11538333333333,2026-07-30,443.875,-2468.875
ES:opendrive_2p16,ES,-1,812.5,2026-07-31 10:00:00-04:00,2026-07-31 10:04:47.777000-04:00,4.796283333333333,2026-07-31,-15.625,828.125
ES:opendrive_2p16,ES,1,812.5,2026-08-03 10:00:00-04:00,2026-08-03 10:56:04.664000-04:00,56.077733333333335,2026-08-03,448.4375,364.0625
ES:opendrive_2p16,ES,1,812.5,2026-08-04 10:00:00-04:00,2026-08-04 10:15:15.907000-04:00,15.265116666666668,2026-08-04,186.3125,626.1875
ES:opendrive_2p16,ES,1,-1262.5,2026-08-06 10:00:00-04:00,2026-08-06 11:36:38.682000-04:00,96.6447,2026-08-06,-242.34375,-1020.15625
ES:opendrive_2p16,ES,1,787.5,2026-08-07 10:00:00-04:00,2026-08-07 10:25:51.201000-04:00,25.85335,2026-08-07,41.3125,746.1875
ES:opendrive_2p24,ES,1,-2025.0,2026-07-30 10:00:00-04:00,2026-07-30 11:15:06.923000-04:00,75.11538333333333,2026-07-30,458.03125,-2483.03125
ES:opendrive_2p24,ES,-1,1200.0,2026-07-31 10:00:00-04:00,2026-07-31 10:07:23.698000-04:00,7.394966666666666,2026-07-31,-26.90625,1226.90625
ES:opendrive_2p24,ES,1,1200.0,2026-08-03 10:00:00-04:00,2026-08-03 11:46:11.100000-04:00,106.185,2026-08-03,787.28125,412.71875
ES:opendrive_2p24,ES,1,1200.0,2026-08-04 10:00:00-04:00,2026-08-04 10:44:13.229000-04:00,44.22048333333333,2026-08-04,592.21875,607.78125
ES:opendrive_2p24,ES,1,-1262.5,2026-08-06 10:00:00-04:00,2026-08-06 11:36:38.682000-04:00,96.6447,2026-08-06,-294.5,-968.0
ES:opendrive_2p24,ES,1,1287.5,2026-08-07 10:00:00-04:00,2026-08-07 11:23:30.332000-04:00,83.50553333333333,2026-08-07,88.0,1199.5
ES:opendrive_2p24,ES,1,-675.0,2026-08-10 10:00:31.564000-04:00,2026-08-10 12:31:59.238000-04:00,151.46123333333335,2026-08-10,-285.40625,-389.59375
ES:opendrive_2p24,ES,-1,1187.5,2026-08-11 11:11:32.208000-04:00,2026-08-11 13:15:00.278000-04:00,123.46783333333333,2026-08-11,655.90625,531.59375
ES:opendrive_2p24,ES,-1,-137.5,2026-08-12 10:04:03.282000-04:00,2026-08-12 15:59:00-04:00,354.94530000000003,2026-08-12,74.21875,-211.71875
ES:opendrive_2p24,ES,1,0.0,2026-08-13 10:00:29.744000-04:00,2026-08-13 15:59:00-04:00,358.5042666666667,2026-08-13,776.53125,-776.53125
ES:opendrive_2p24,ES,1,-462.5,2026-08-14 10:04:42.511000-04:00,2026-08-14 10:20:27.952000-04:00,15.75735,2026-08-14,-37.78125,-424.71875
ES:opendrive_2p24,ES,-1,1425.0,2026-08-17 10:00:57.662000-04:00,2026-08-17 19:28:02.876000-04:00,567.0869,2026-08-17,,
ES:opendrive_2p24,ES,-1,225.0,2026-08-18 10:11:35.188000-04:00,2026-08-18 15:59:00-04:00,347.41353333333336,2026-08-18,388.1875,-163.1875
ES:opendrive_2p24,ES,1,-887.5,2026-08-19 10:37:12.671000-04:00,2026-08-19 15:59:00-04:00,321.7888166666667,2026-08-19,-157.46875,-730.03125
ES:opendrive_2p32,ES,1,-2025.0,2026-07-30 10:00:00-04:00,2026-07-30 11:15:06.923000-04:00,75.11538333333333,2026-07-30,528.75,-2553.75
ES:opendrive_2p32,ES,-1,1512.5,2026-07-31 10:00:00-04:00,2026-07-31 10:08:31.769000-04:00,8.529483333333333,2026-07-31,-60.68750000000001,1573.1875
ES:opendrive_2p32,ES,1,1587.5,2026-08-03 10:00:00-04:00,2026-08-03 13:21:51.844000-04:00,201.86406666666664,2026-08-03,1511.34375,76.15625
ES:opendrive_2p32,ES,1,1575.0,2026-08-04 10:00:00-04:00,2026-08-04 11:01:13.004000-04:00,61.21673333333333,2026-08-04,886.1875,688.8125
ES:opendrive_2p32,ES,1,-1262.5,2026-08-06 10:00:00-04:00,2026-08-06 11:36:38.682000-04:00,96.6447,2026-08-06,-308.96875,-953.53125
ES:opendrive_2p32,ES,1,1262.5,2026-08-07 10:00:00-04:00,2026-08-07 15:59:00-04:00,359.0,2026-08-07,742.46875,520.03125
ES:opendrive_2p_range,ES,1,-2025.0,2026-07-30 10:00:00-04:00,2026-07-30 11:15:06.923000-04:00,75.11538333333333,2026-07-30,498.96874999999994,-2523.96875
ES:opendrive_2p_range,ES,-1,-2425.0,2026-07-31 10:00:00-04:00,2026-07-31 15:17:19.523000-04:00,317.3253833333334,2026-07-31,-2940.25,515.25
ES:opendrive_2p_range,ES,1,1337.5,2026-08-03 10:00:00-04:00,2026-08-03 12:26:24.472000-04:00,146.40786666666665,2026-08-03,1124.46875,213.03125
ES:opendrive_2p_range,ES,1,1350.0,2026-08-04 10:00:00-04:00,2026-08-04 10:56:10.935000-04:00,56.182249999999996,2026-08-04,778.21875,571.78125
ES:opendrive_2p_range,ES,1,-1262.5,2026-08-06 10:00:00-04:00,2026-08-06 11:36:38.682000-04:00,96.6447,2026-08-06,-216.125,-1046.375
ES:opendrive_2p_range,ES,1,1262.5,2026-08-07 10:00:00-04:00,2026-08-07 15:59:00-04:00,359.0,2026-08-07,749.875,512.625
ES:opendrive_2p_retrace,ES,1,-2025.0,2026-07-30 10:00:00-04:00,2026-07-30 11:15:06.923000-04:00,75.11538333333333,2026-07-30,476.75,-2501.75
ES:opendrive_2p_retrace,ES,-1,-2425.0,2026-07-31 10:00:00-04:00,2026-07-31 15:17:19.523000-04:00,317.3253833333334,2026-07-31,-2876.6875,451.6875
ES:opendrive_2p_retrace,ES,1,2100.0,2026-08-03 10:00:00-04:00,2026-08-03 15:59:00-04:00,359.0,2026-08-03,3201.8749999999995,-1101.8749999999995
ES:opendrive_2p_retrace,ES,1,0.0,2026-08-04 10:00:00-04:00,2026-08-06 08:23:00.553000-04:00,2783.009216666667,2026-08-06,,
ES:opendrive_2p_retrace,ES,1,-1262.5,2026-08-06 10:00:00-04:00,2026-08-06 11:36:38.682000-04:00,96.6447,2026-08-06,-317.75,-944.75
ES:opendrive_2p_retrace,ES,1,1262.5,2026-08-07 10:00:00-04:00,2026-08-07 15:59:00-04:00,359.0,2026-08-07,731.46875,531.03125
ES:opendrive_orb,ES,1,-2025.0,2026-07-30 10:00:00-04:00,2026-07-30 11:15:06.923000-04:00,75.11538333333333,2026-07-30,503.625,-2528.625
ES:opendrive_orb,ES,1,912.5,2026-07-31 13:27:11.908000-04:00,2026-07-31 15:59:00-04:00,151.80153333333334,2026-07-31,1510.21875,-597.71875
ES:opendrive_orb,ES,1,2087.5,2026-08-03 10:02:53.234000-04:00,2026-08-03 15:59:00-04:00,356.1127666666667,2026-08-03,3158.375,-1070.875
ES:opendrive_orb,ES,1,0.0,2026-08-04 10:00:59.738000-04:00,2026-08-06 08:23:00.553000-04:00,2782.0135833333334,2026-08-06,,
ES:opendrive_orb,ES,1,-1262.5,2026-08-06 10:10:16.439000-04:00,2026-08-06 11:19:52.780000-04:00,69.60568333333335,2026-08-06,-278.0625,-984.4375
ES:opendrive_orb,ES,1,-575.0,2026-08-07 10:25:08.289000-04:00,2026-08-07 12:31:03.595000-04:00,125.92176666666666,2026-08-07,-28.218749999999996,-546.78125
ES:opendrive_orb,ES,1,-175.0,2026-08-10 10:00:31.564000-04:00,2026-08-10 11:00:27.243000-04:00,59.92798333333334,2026-08-10,-18.90625,-156.09375
ES:opendrive_pk,ES,-1,1425.0,2026-08-17 10:00:57.662000-04:00,2026-08-17 19:28:02.876000-04:00,567.0869,2026-08-17,,
ES:opendrive_pk,ES,-1,225.0,2026-08-18 10:11:35.188000-04:00,2026-08-18 15:59:00-04:00,347.41353333333336,2026-08-18,394.4375,-169.4375
ES:opendrive_pk,ES,1,-950.0,2026-08-19 10:37:12.671000-04:00,2026-08-19 15:46:08.376000-04:00,308.9284166666667,2026-08-19,-237.37499999999997,-712.625
ES:pivot,ES,1,1400.0,2026-08-07 09:31:00-04:00,2026-08-07 11:26:00-04:00,115.0,2026-08-07,68.8125,1331.1875
ES:pivot,ES,-1,100.0,2026-08-07 11:27:00-04:00,2026-08-07 15:59:00-04:00,272.0,2026-08-07,-70.96875,170.96875
ES:pivot,ES,-1,-75.0,2026-08-10 09:35:00-04:00,2026-08-10 09:40:00-04:00,5.0,2026-08-10,-5.0,-70.0
ES:pivot,ES,-1,-500.0,2026-08-10 10:12:00-04:00,2026-08-10 10:48:00-04:00,36.0,2026-08-10,20.625,-520.625
ES:pivot,ES,1,200.0,2026-08-12 10:31:09.994000-04:00,2026-08-12 10:32:00-04:00,0.8334333333333334,2026-08-12,1.34375,198.65625
ES:pivot,ES,1,-25.0,2026-08-12 11:03:46.265000-04:00,2026-08-12 11:04:00-04:00,0.22891666666666666,2026-08-12,-3.03125,-21.96875
ES:pivot,ES,1,112.5,2026-08-13 09:30:00.085000-04:00,2026-08-13 09:34:00-04:00,3.9985833333333334,2026-08-13,11.3125,101.1875
ES:pivot,ES,-1,-296.00000000000364,2026-08-13 09:54:32.689000-04:00,2026-08-13 09:59:00-04:00,4.455183333333333,2026-08-13,-21.9375,-274.06250000000364
ES:pivot,ES,1,1312.5,2026-08-19 09:48:17.328000-04:00,2026-08-19 10:59:00-04:00,70.71119999999999,2026-08-19,-78.90625,1391.40625
ES:pivot,ES,-1,1869.366772226931,2026-08-19 11:00:00.003000-04:00,2026-08-19 15:51:00-04:00,290.99995,2026-08-19,417.90624999999994,1451.460522226931
ES:pivot,ES,-1,1791.4999999999964,2026-08-20 12:41:03.236000-04:00,2026-08-20 15:46:00-04:00,184.94606666666667,2026-08-20,1302.875,488.62499999999636
ES:pivot,ES,1,-291.49999999999636,2026-08-20 15:47:00.386000-04:00,2026-08-20 15:58:00-04:00,10.993566666666668,2026-08-20,-67.125,-224.37499999999636
ES:rsi2,ES,1,2262.5,2026-08-06 15:59:00-04:00,2026-08-07 15:59:00-04:00,1440.0,2026-08-07,,
ES:rsi2,ES,1,3650.0,2026-08-11 15:59:00-04:00,2026-08-13 15:59:00-04:00,2880.0,2026-08-13,,
ES:sweepfade,ES,-1,-100.0,2026-07-30 09:30:00.019000-04:00,2026-07-30 09:30:00.056000-04:00,0.0006166666666666666,2026-07-30,-11.59375,-88.40625
ES:sweepfade,ES,-1,-112.5,2026-07-30 11:53:06.945000-04:00,2026-07-30 11:53:09.477000-04:00,0.0422,2026-07-30,-9.625,-102.875
ES:sweepfade,ES,-1,-150.0,2026-07-30 13:00:00.729000-04:00,2026-07-30 13:00:01.764000-04:00,0.017249999999999998,2026-07-30,-6.468749999999999,-143.53125
ES:sweepfade,ES,-1,25.0,2026-07-30 13:00:35.463000-04:00,2026-07-30 13:00:50.528000-04:00,0.2510833333333333,2026-07-30,0.46875,24.53125
ES:sweepfade,ES,1,37.5,2026-07-31 12:01:13.165000-04:00,2026-07-31 12:01:28.248000-04:00,0.25138333333333335,2026-07-31,15.09375,22.40625
ES:sweepfade,ES,1,37.5,2026-07-31 14:35:32.622000-04:00,2026-07-31 14:35:48.017000-04:00,0.25658333333333333,2026-07-31,4.9375,32.5625
ES:sweepfade_deep,ES,-1,-100.0,2026-07-30 09:30:00.019000-04:00,2026-07-30 09:30:00.056000-04:00,0.0006166666666666666,2026-07-30,0.0625,-100.0625
ES:sweepfade_deep,ES,-1,-112.5,2026-07-30 11:53:06.945000-04:00,2026-07-30 11:53:09.477000-04:00,0.0422,2026-07-30,6.65625,-119.15625
ES:sweepfollow,ES,1,100.0,2026-07-30 09:30:00.019000-04:00,2026-07-30 09:30:00.056000-04:00,0.0006166666666666666,2026-07-30,11.9375,88.0625
ES:sweepfollow,ES,1,75.0,2026-07-30 11:53:06.945000-04:00,2026-07-30 11:53:22.501000-04:00,0.2592666666666667,2026-07-30,1.875,73.125
ES:sweepfollow,ES,1,150.0,2026-07-30 13:00:00.729000-04:00,2026-07-30 13:00:01.764000-04:00,0.017249999999999998,2026-07-30,10.875,139.125
ES:sweepfollow,ES,1,-25.0,2026-07-30 13:00:35.463000-04:00,2026-07-30 13:00:50.528000-04:00,0.2510833333333333,2026-07-30,8.65625,-33.65625
ES:sweepfollow,ES,-1,-37.5,2026-07-31 12:01:13.165000-04:00,2026-07-31 12:01:28.248000-04:00,0.25138333333333335,2026-07-31,-6.0,-31.5
ES:sweepfollow,ES,-1,-37.5,2026-07-31 14:35:32.622000-04:00,2026-07-31 14:35:48.017000-04:00,0.25658333333333333,2026-07-31,3.15625,-40.65625
ES:trendjoin,ES,-1,-637.5,2026-08-03 09:30:00-04:00,2026-08-03 09:34:00-04:00,4.0,2026-08-03,-49.03125,-588.46875
ES:trendjoin,ES,1,2262.5,2026-08-03 09:35:00-04:00,2026-08-03 11:05:00-04:00,90.0,2026-08-03,702.40625,1560.09375
ES:trendjoin,ES,1,0.0,2026-08-04 09:51:00-04:00,2026-08-06 08:23:00.553000-04:00,2792.009216666667,2026-08-06,,
ES:trendjoin,ES,1,-400.0,2026-08-07 10:26:00-04:00,2026-08-07 10:40:00-04:00,14.0,2026-08-07,34.28125,-434.28125
ES:trendjoin,ES,1,350.0,2026-08-07 10:46:00-04:00,2026-08-07 12:16:00-04:00,90.0,2026-08-07,104.90625,245.09375
ES:trendjoin,ES,-1,-400.0,2026-08-12 09:57:00-04:00,2026-08-12 10:19:00-04:00,22.0,2026-08-12,42.25,-442.25
ES:trendjoin,ES,1,100.0,2026-08-13 09:48:00-04:00,2026-08-13 11:18:00-04:00,90.0,2026-08-13,23.6875,76.3125
ES:trendjoin,ES,-1,-500.0,2026-08-19 09:52:00-04:00,2026-08-19 09:54:00-04:00,2.0,2026-08-19,2.0,-502.0
ES:trendjoin,ES,-1,-375.0,2026-08-20 12:02:00-04:00,2026-08-20 12:37:00-04:00,35.0,2026-08-20,225.9375,-600.9375
ES:trendjoin_2p24,ES,1,0.0,2026-08-04 09:51:00-04:00,2026-08-06 08:23:00.553000-04:00,2792.009216666667,2026-08-06,,
ES:trendjoin_2p24,ES,1,-400.0,2026-08-07 10:26:00-04:00,2026-08-07 10:40:00-04:00,14.0,2026-08-07,41.34375,-441.34375
ES:trendjoin_2p24,ES,1,350.0,2026-08-07 10:46:00-04:00,2026-08-07 12:16:00-04:00,90.0,2026-08-07,129.0,221.0
ES:trendjoin_2p24,ES,-1,-400.0,2026-08-12 09:57:00-04:00,2026-08-12 10:19:00-04:00,22.0,2026-08-12,17.4375,-417.4375
ES:trendjoin_2p24,ES,1,875.0,2026-08-13 09:48:00-04:00,2026-08-13 10:45:00-04:00,57.0,2026-08-13,40.4375,834.5625
ES:trendjoin_2p24,ES,-1,-500.0,2026-08-19 09:52:00-04:00,2026-08-19 09:54:00-04:00,2.0,2026-08-19,-1.21875,-498.78125
ES:trendjoin_2p24,ES,-1,-375.0,2026-08-20 12:02:00-04:00,2026-08-20 12:37:00-04:00,35.0,2026-08-20,208.4375,-583.4375
ES:trendjoin_2p32,ES,1,0.0,2026-08-04 09:51:00-04:00,2026-08-06 08:23:00.553000-04:00,2792.009216666667,2026-08-06,,
ES:trendjoin_2p32,ES,1,-400.0,2026-08-07 10:26:00-04:00,2026-08-07 10:40:00-04:00,14.0,2026-08-07,8.75,-408.75
ES:trendjoin_2p32,ES,1,350.0,2026-08-07 10:46:00-04:00,2026-08-07 12:16:00-04:00,90.0,2026-08-07,75.59375,274.40625
ES:trendjoin_2p32,ES,-1,-400.0,2026-08-12 09:57:00-04:00,2026-08-12 10:19:00-04:00,22.0,2026-08-12,6.3125,-406.3125
ES:trendjoin_2p32,ES,1,100.0,2026-08-13 09:48:00-04:00,2026-08-13 11:18:00-04:00,90.0,2026-08-13,33.84375,66.15625
ES:trendjoin_2p32,ES,-1,-500.0,2026-08-19 09:52:00-04:00,2026-08-19 09:54:00-04:00,2.0,2026-08-19,15.937499999999998,-515.9375
ES:trendjoin_2p32,ES,-1,-375.0,2026-08-20 12:02:00-04:00,2026-08-20 12:37:00-04:00,35.0,2026-08-20,204.625,-579.625
ES:trendjoin_narrow,ES,1,2462.5,2026-08-04 09:31:00-04:00,2026-08-04 11:01:00-04:00,90.0,2026-08-04,1275.5625,1186.9375
ES:trendjoin_narrow,ES,1,1406.25,2026-08-04 11:02:00-04:00,2026-08-05 13:54:00-04:00,1612.0,2026-08-05,,
ES:trendjoin_narrow,ES,1,0.0,2026-08-04 11:02:00-04:00,2026-08-06 08:23:00.553000-04:00,2721.009216666667,2026-08-06,,
ES:trendjoin_narrow,ES,1,-400.0,2026-08-06 09:37:00-04:00,2026-08-06 09:40:00-04:00,3.0,2026-08-06,-6.625,-393.375
ES:trendjoin_narrow,ES,1,-325.0,2026-08-06 09:42:00-04:00,2026-08-06 10:40:00-04:00,58.0,2026-08-06,-209.93750000000003,-115.06249999999997
ES:trendjoin_narrow,ES,-1,-300.0,2026-08-06 10:41:00-04:00,2026-08-06 10:43:00-04:00,2.0,2026-08-06,-0.3125,-299.6875
ES:trendjoin_narrow,ES,-1,-387.5,2026-08-06 10:45:00-04:00,2026-08-06 10:58:00-04:00,13.0,2026-08-06,44.4375,-431.9375
ES:trendjoin_narrow,ES,1,-362.5,2026-08-06 11:00:00-04:00,2026-08-06 11:04:00-04:00,4.0,2026-08-06,-15.90625,-346.59375
ES:trendjoin_narrow,ES,-1,737.5,2026-08-06 11:18:00-04:00,2026-08-06 12:48:00-04:00,90.0,2026-08-06,244.96875,492.53125
ES:trendjoin_narrow,ES,-1,-325.0,2026-08-06 13:30:00-04:00,2026-08-06 13:53:00-04:00,23.0,2026-08-06,62.31250000000001,-387.3125
ES:trendjoin_narrow,ES,1,-300.0,2026-08-06 14:17:00-04:00,2026-08-06 14:38:00-04:00,21.0,2026-08-06,-54.125,-245.875
ES:trendjoin_narrow,ES,-1,-487.5,2026-08-07 09:30:00-04:00,2026-08-07 09:44:00-04:00,14.0,2026-08-07,-18.59375,-468.90625
ES:trendjoin_narrow,ES,1,-362.5,2026-08-07 09:45:00-04:00,2026-08-07 09:49:00-04:00,4.0,2026-08-07,10.34375,-372.84375
ES:trendjoin_narrow,ES,1,-462.5,2026-08-07 09:51:00-04:00,2026-08-07 09:57:00-04:00,6.0,2026-08-07,19.78125,-482.28125
ES:trendjoin_narrow,ES,-1,-462.5,2026-08-07 09:58:00-04:00,2026-08-07 10:01:00-04:00,3.0,2026-08-07,-17.8125,-444.6875
ES:trendjoin_narrow,ES,-1,-500.0,2026-08-07 10:04:00-04:00,2026-08-07 10:20:00-04:00,16.0,2026-08-07,-57.09375,-442.90625
ES:trendjoin_narrow,ES,1,962.5,2026-08-07 10:21:00-04:00,2026-08-07 11:51:00-04:00,90.0,2026-08-07,88.84375,873.65625
ES:trendjoin_narrow,ES,-1,-362.5,2026-08-07 12:26:00-04:00,2026-08-07 12:42:00-04:00,16.0,2026-08-07,-16.0625,-346.4375
ES:trendjoin_narrow,ES,1,-312.5,2026-08-07 12:44:00-04:00,2026-08-07 13:01:00-04:00,17.0,2026-08-07,24.28125,-336.78125
ES:trendjoin_narrow,ES,1,637.5,2026-08-07 15:06:00-04:00,2026-08-07 15:59:00-04:00,53.0,2026-08-07,185.0,452.5
ES:trendjoin_narrow,ES,1,-250.0,2026-08-10 10:08:00-04:00,2026-08-10 11:38:00-04:00,90.0,2026-08-10,-125.0,-125.0
ES:trendjoin_narrow,ES,-1,-450.0,2026-08-10 12:32:00-04:00,2026-08-10 12:33:00-04:00,1.0,2026-08-10,-3.4375000000000004,-446.5625
ES:trendjoin_narrow,ES,-1,25.0,2026-08-10 12:34:00-04:00,2026-08-10 14:04:00-04:00,90.0,2026-08-10,129.59375,-104.59375
ES:trendjoin_narrow,ES,1,-300.0,2026-08-11 10:06:00-04:00,2026-08-11 10:39:00-04:00,33.0,2026-08-11,-133.75,-166.25
ES:trendjoin_narrow,ES,-1,525.0,2026-08-11 11:14:00-04:00,2026-08-11 12:44:00-04:00,90.0,2026-08-11,491.24999999999994,33.75000000000006
ES:trendjoin_narrow,ES,-1,-325.0,2026-08-11 13:13:00-04:00,2026-08-11 13:42:00-04:00,29.0,2026-08-11,93.28125,-418.28125
ES:trendjoin_narrow,ES,-1,-312.5,2026-08-11 14:29:00-04:00,2026-08-11 15:22:00-04:00,53.0,2026-08-11,247.68750000000003,-560.1875
ES:trendjoin_narrow,ES,-1,-412.5,2026-08-12 09:41:00-04:00,2026-08-12 09:49:00-04:00,8.0,2026-08-12,27.5625,-440.0625
ES:trendjoin_narrow,ES,-1,712.5,2026-08-12 09:50:00-04:00,2026-08-12 11:20:00-04:00,90.0,2026-08-12,-47.9375,760.4375
ES:trendjoin_narrow,ES,1,900.0,2026-08-13 09:36:00-04:00,2026-08-13 11:06:00-04:00,90.0,2026-08-13,-26.03125,926.03125
ES:trendjoin_narrow,ES,-1,-200.0,2026-08-13 11:07:00-04:00,2026-08-13 15:59:00-04:00,292.0,2026-08-13,4.78125,-204.78125
ES:trendjoin_narrow,ES,-1,637.5,2026-08-14 10:27:00-04:00,2026-08-14 11:57:00-04:00,90.0,2026-08-14,256.78125,380.71875
ES:trendjoin_narrow,ES,-1,-337.5,2026-08-17 09:47:00-04:00,2026-08-17 09:49:00-04:00,2.0,2026-08-17,9.3125,-346.8125
ES:trendjoin_narrow,ES,-1,-37.5,2026-08-17 10:00:00-04:00,2026-08-17 12:00:00-04:00,120.0,2026-08-17,450.93750000000006,-488.43750000000006
ES:trendjoin_narrow,ES,1,-337.5,2026-08-18 09:42:00-04:00,2026-08-18 09:45:00-04:00,3.0,2026-08-18,6.406249999999999,-343.90625
ES:trendjoin_narrow,ES,-1,-362.5,2026-08-18 10:12:00-04:00,2026-08-18 10:16:00-04:00,4.0,2026-08-18,-1.1875,-361.3125
ES:trendjoin_narrow,ES,1,-300.0,2026-08-18 10:31:00-04:00,2026-08-18 10:45:00-04:00,14.0,2026-08-18,-4.40625,-295.59375
ES:trendjoin_narrow,ES,-1,-300.0,2026-08-18 10:58:00-04:00,2026-08-18 12:03:00-04:00,65.0,2026-08-18,94.28125,-394.28125
ES:trendjoin_narrow,ES,-1,-362.5,2026-08-19 09:39:00-04:00,2026-08-19 09:46:00-04:00,7.0,2026-08-19,38.125,-400.625
ES:trendjoin_narrow,ES,-1,-362.5,2026-08-19 09:49:00-04:00,2026-08-19 09:55:00-04:00,6.0,2026-08-19,10.4375,-372.9375
ES:trendjoin_narrow,ES,1,-412.5,2026-08-19 09:56:00-04:00,2026-08-19 10:12:00-04:00,16.0,2026-08-19,-11.25,-401.25
ES:trendjoin_narrow,ES,-1,-525.0,2026-08-19 10:15:00-04:00,2026-08-19 10:17:00-04:00,2.0,2026-08-19,-13.5625,-511.4375
ES:trendjoin_narrow,ES,1,325.0,2026-08-19 10:18:00-04:00,2026-08-19 11:48:00-04:00,90.0,2026-08-19,-98.875,423.875
ES:trendjoin_narrow,ES,-1,-325.0,2026-08-19 11:54:00-04:00,2026-08-19 12:01:00-04:00,7.0,2026-08-19,16.0625,-341.0625
ES:trendjoin_narrow,ES,1,-362.5,2026-08-19 12:08:00-04:00,2026-08-19 12:29:00-04:00,21.0,2026-08-19,-44.40625,-318.09375
ES:trendjoin_narrow,ES,-1,562.5,2026-08-19 12:30:00-04:00,2026-08-19 14:00:00-04:00,90.0,2026-08-19,92.53125,469.96875
ES:trendjoin_narrow,ES,-1,-462.5,2026-08-19 14:10:00-04:00,2026-08-19 14:31:00-04:00,21.0,2026-08-19,24.1875,-486.6875
ES:trendjoin_narrow,ES,-1,-375.0,2026-08-20 12:02:00-04:00,2026-08-20 12:37:00-04:00,35.0,2026-08-20,206.0625,-581.0625
ES:trendjoin_narrow,ES,-1,875.0,2026-08-20 13:16:00-04:00,2026-08-20 14:46:00-04:00,90.0,2026-08-20,710.25,164.75
ES:trendjoin_pk,ES,-1,-500.0,2026-08-19 09:52:00-04:00,2026-08-19 09:54:00-04:00,2.0,2026-08-19,3.75,-503.75
ES:trendjoin_pk,ES,-1,-375.0,2026-08-20 12:02:00-04:00,2026-08-20 12:37:00-04:00,35.0,2026-08-20,194.0,-569.0
ES:trendjoin_wide,ES,-1,-637.5,2026-08-03 09:30:00-04:00,2026-08-03 09:34:00-04:00,4.0,2026-08-03,-32.96875,-604.53125
ES:trendjoin_wide,ES,1,2262.5,2026-08-03 09:35:00-04:00,2026-08-03 11:05:00-04:00,90.0,2026-08-03,714.40625,1548.09375
ES:trendjoin_wide,ES,1,350.0,2026-08-03 11:50:00-04:00,2026-08-03 13:20:00-04:00,90.0,2026-08-03,702.28125,-352.28125
ES:trendjoin_wide,ES,1,550.0,2026-08-03 13:25:00-04:00,2026-08-03 14:55:00-04:00,90.0,2026-08-03,728.0625,-178.0625
ES:trendjoin_wide,ES,1,-287.5,2026-08-03 15:02:00-04:00,2026-08-03 15:59:00-04:00,57.0,2026-08-03,457.0625,-744.5625
ES:vwapbreak,ES,1,-662.5,2026-07-30 10:00:00-04:00,2026-07-30 10:48:00-04:00,48.0,2026-07-30,348.03125,-1010.53125
ES:vwapbreak,ES,1,1287.5,2026-07-30 12:17:00-04:00,2026-07-31 10:01:00-04:00,1304.0,2026-07-31,,
ES:vwapbreak,ES,1,2175.0,2026-07-31 10:41:00-04:00,2026-07-31 15:59:00-04:00,318.0,2026-07-31,2727.625,-552.625
ES:vwapbreak,ES,1,4550.0,2026-07-31 10:41:00-04:00,2026-08-03 15:59:00-04:00,4638.0,2026-08-03,,
ES:vwapbreak,ES,1,-4274.0740740741785,2026-07-31 10:41:00-04:00,2026-08-06 08:23:00.553000-04:00,8502.009216666667,2026-08-06,,
ES:vwapbreak,ES,-1,-9768.28703703709,2026-08-06 08:23:00.553000-04:00,2026-08-06 10:11:00-04:00,107.99078333333334,2026-08-06,295.84375,-10064.13078703709
ES:vwapbreak,ES,-1,193.75,2026-08-06 10:27:00-04:00,2026-08-06 14:17:00-04:00,230.0,2026-08-06,638.90625,-445.15625
ES:vwapbreak,ES,-1,-1018.75,2026-08-06 10:27:00-04:00,2026-08-07 10:24:00-04:00,1437.0,2026-08-07,,
ES:vwapbreak,ES,-1,-1062.5,2026-08-07 12:31:00-04:00,2026-08-10 11:00:14.193000-04:00,4229.23655,2026-08-10,,
ES:vwapbreak,ES,-1,-2962.5,2026-08-10 12:32:00-04:00,2026-08-14 10:15:00.021000-04:00,5623.00035,2026-08-14,,
ES:vwapbreak_2p,ES,1,-662.5,2026-07-30 10:00:00-04:00,2026-07-30 10:48:00-04:00,48.0,2026-07-30,309.5,-972.0
ES:vwapbreak_2p,ES,1,1287.5,2026-07-30 12:17:00-04:00,2026-07-31 10:01:00-04:00,1304.0,2026-07-31,,
ES:vwapbreak_2p,ES,1,2175.0,2026-07-31 10:41:00-04:00,2026-07-31 15:59:00-04:00,318.0,2026-07-31,2848.875,-673.875
ES:vwapbreak_2p,ES,1,4475.0,2026-07-31 10:41:00-04:00,2026-08-03 14:28:00-04:00,4547.0,2026-08-03,,
ES:vwapbreak_2p,ES,1,2131.25,2026-07-31 10:41:00-04:00,2026-08-03 15:59:00-04:00,4638.0,2026-08-03,,
ES:vwapbreak_2p,ES,1,0.0,2026-07-31 10:41:00-04:00,2026-08-06 08:23:00.553000-04:00,8502.009216666667,2026-08-06,,
ES:vwapbreak_2p,ES,1,-475.0,2026-08-06 10:11:00-04:00,2026-08-06 10:27:00-04:00,16.0,2026-08-06,-38.71875,-436.28125
ES:vwapbreak_2p,ES,-1,-112.5,2026-08-06 11:19:00-04:00,2026-08-06 14:17:00-04:00,178.0,2026-08-06,513.21875,-625.71875
ES:vwapbreak_2p,ES,1,-512.5,2026-08-07 10:24:00-04:00,2026-08-07 12:31:00-04:00,127.0,2026-08-07,-0.53125,-511.96875
ES:vwapbreak_2p24,ES,1,-662.5,2026-07-30 10:00:00-04:00,2026-07-30 10:48:00-04:00,48.0,2026-07-30,312.03125,-974.53125
ES:vwapbreak_2p24,ES,1,1287.5,2026-07-30 12:17:00-04:00,2026-07-31 10:01:00-04:00,1304.0,2026-07-31,,
ES:vwapbreak_2p24,ES,1,2175.0,2026-07-31 10:41:00-04:00,2026-07-31 15:59:00-04:00,318.0,2026-07-31,2758.96875,-583.96875
ES:vwapbreak_2p24,ES,1,3562.5,2026-07-31 10:41:00-04:00,2026-08-03 12:11:00-04:00,4410.0,2026-08-03,,
ES:vwapbreak_2p24,ES,1,2668.75,2026-07-31 10:41:00-04:00,2026-08-03 15:59:00-04:00,4638.0,2026-08-03,,
ES:vwapbreak_2p24,ES,1,0.0,2026-07-31 10:41:00-04:00,2026-08-05 12:23:00.074000-04:00,7302.001233333333,2026-08-05,,
ES:vwapbreak_2p24,ES,1,-475.0,2026-08-06 10:11:00-04:00,2026-08-06 10:27:00-04:00,16.0,2026-08-06,-39.59375,-435.40625
ES:vwapbreak_2p24,ES,-1,-112.5,2026-08-06 11:19:00-04:00,2026-08-06 14:17:00-04:00,178.0,2026-08-06,397.65625,-510.15625
ES:vwapbreak_2p24,ES,1,-512.5,2026-08-07 10:24:00-04:00,2026-08-07 12:31:00-04:00,127.0,2026-08-07,4.65625,-517.15625
ES:vwapbreak_2p24,ES,1,-200.0,2026-08-10 10:02:00-04:00,2026-08-10 11:01:00-04:00,59.0,2026-08-10,-24.6875,-175.3125
ES:vwapbreak_2p24,ES,-1,-662.5,2026-08-10 12:32:00-04:00,2026-08-10 15:04:00-04:00,152.0,2026-08-10,239.09375000000003,-901.59375
ES:vwapbreak_2p24,ES,-1,1337.5,2026-08-11 11:14:00-04:00,2026-08-11 15:01:00-04:00,227.0,2026-08-11,1249.40625,88.09375
ES:vwapbreak_2p24,ES,-1,-512.5,2026-08-12 11:40:00-04:00,2026-08-12 12:40:00-04:00,60.0,2026-08-12,-5.09375,-507.40625
ES:vwapbreak_2p24,ES,1,-1125.0,2026-08-13 10:01:00-04:00,2026-08-13 11:35:00-04:00,94.0,2026-08-13,-29.40625,-1095.59375
ES:vwapbreak_2p24,ES,1,-137.5,2026-08-14 10:05:00-04:00,2026-08-14 10:15:00-04:00,10.0,2026-08-14,-12.90625,-124.59375
ES:vwapbreak_2p24,ES,-1,800.0,2026-08-14 10:22:00-04:00,2026-08-14 15:59:00-04:00,337.0,2026-08-14,1071.78125,-271.78125
ES:vwapbreak_2p32,ES,1,-662.5,2026-07-30 10:00:00-04:00,2026-07-30 10:48:00-04:00,48.0,2026-07-30,248.46875000000003,-910.96875
ES:vwapbreak_2p32,ES,1,1287.5,2026-07-30 12:17:00-04:00,2026-07-31 10:01:00-04:00,1304.0,2026-07-31,,
ES:vwapbreak_2p32,ES,1,2175.0,2026-07-31 10:41:00-04:00,2026-07-31 15:59:00-04:00,318.0,2026-07-31,2765.125,-590.125
ES:vwapbreak_2p32,ES,1,4262.5,2026-07-31 10:41:00-04:00,2026-08-03 13:42:00-04:00,4501.0,2026-08-03,,
ES:vwapbreak_2p32,ES,1,2375.0,2026-07-31 10:41:00-04:00,2026-08-03 15:59:00-04:00,4638.0,2026-08-03,,
ES:vwapbreak_2p32,ES,1,0.0,2026-07-31 10:41:00-04:00,2026-08-05 12:23:00.074000-04:00,7302.001233333333,2026-08-05,,
ES:vwapbreak_2p32,ES,1,-475.0,2026-08-06 10:11:00-04:00,2026-08-06 10:27:00-04:00,16.0,2026-08-06,-45.03125,-429.96875
ES:vwapbreak_2p32,ES,-1,-112.5,2026-08-06 11:19:00-04:00,2026-08-06 14:17:00-04:00,178.0,2026-08-06,472.12500000000006,-584.625
ES:vwapbreak_2p32,ES,1,-512.5,2026-08-07 10:24:00-04:00,2026-08-07 12:31:00-04:00,127.0,2026-08-07,-15.875,-496.625
ES:vwapbreak_2p_retrace,ES,1,-662.5,2026-07-30 10:00:00-04:00,2026-07-30 10:48:00-04:00,48.0,2026-07-30,335.0,-997.5
ES:vwapbreak_2p_retrace,ES,1,1287.5,2026-07-30 12:17:00-04:00,2026-07-31 10:01:00-04:00,1304.0,2026-07-31,,
ES:vwapbreak_2p_retrace,ES,1,2175.0,2026-07-31 10:41:00-04:00,2026-07-31 15:59:00-04:00,318.0,2026-07-31,2756.59375,-581.59375
ES:vwapbreak_2p_retrace,ES,1,4550.0,2026-07-31 10:41:00-04:00,2026-08-03 15:59:00-04:00,4638.0,2026-08-03,,
ES:vwapbreak_2p_retrace,ES,1,0.0,2026-07-31 10:41:00-04:00,2026-08-06 08:23:00.553000-04:00,8502.009216666667,2026-08-06,,
ES:vwapbreak_2p_retrace,ES,1,-475.0,2026-08-06 10:11:00-04:00,2026-08-06 10:27:00-04:00,16.0,2026-08-06,-78.28125,-396.71875
ES:vwapbreak_2p_retrace,ES,-1,-112.5,2026-08-06 11:19:00-04:00,2026-08-06 14:17:00-04:00,178.0,2026-08-06,401.65625,-514.15625
ES:vwapbreak_2p_retrace,ES,1,-512.5,2026-08-07 10:24:00-04:00,2026-08-07 12:31:00-04:00,127.0,2026-08-07,61.21875,-573.71875
ES:vwapbreak_q_band,ES,1,-300.0,2026-08-10 10:54:00.009000-04:00,2026-08-10 11:01:00-04:00,6.9998499999999995,2026-08-10,-2.0,-298.0
ES:vwapbreak_q_band,ES,1,-925.0,2026-08-13 10:56:00.049000-04:00,2026-08-13 11:35:00-04:00,38.999183333333335,2026-08-13,63.03125000000001,-988.03125
ES:vwapbreak_q_bandnoext,ES,1,-125.0,2026-08-10 10:04:00.180000-04:00,2026-08-10 11:01:00-04:00,56.997,2026-08-10,-66.34375,-58.65625
ES:vwapbreak_q_bandnoext,ES,1,-312.5,2026-08-10 11:56:00.162000-04:00,2026-08-10 12:16:00-04:00,19.9973,2026-08-10,5.21875,-317.71875
ES:vwapbreak_q_bandnoext,ES,-1,-487.5,2026-08-12 11:42:00.157000-04:00,2026-08-12 12:40:00-04:00,57.99738333333333,2026-08-12,-29.21875,-458.28125
ES:vwapbreak_q_bandnoext,ES,1,-437.5,2026-08-12 14:45:00.778000-04:00,2026-08-12 15:43:00-04:00,57.987033333333336,2026-08-12,26.0,-463.5
ES:vwapbreak_q_bandnoext,ES,1,-750.0,2026-08-13 11:08:00.022000-04:00,2026-08-13 11:35:00-04:00,26.999633333333335,2026-08-13,35.6875,-785.6875
ES:vwapbreak_q_bandnoext,ES,1,-175.0,2026-08-13 15:14:00.413000-04:00,2026-08-13 15:59:00-04:00,44.993116666666666,2026-08-13,58.5,-233.5
ES:vwapbreak_q_bandnoext,ES,1,-112.5,2026-08-14 10:09:48.223000-04:00,2026-08-14 10:15:00-04:00,5.196283333333333,2026-08-14,-20.375,-92.125
ES:vwapbreak_q_bandnoext,ES,-1,312.5,2026-08-14 12:18:00.718000-04:00,2026-08-14 15:59:00-04:00,220.98803333333333,2026-08-14,505.875,-193.375
ES:vwapbreak_q_noclean,ES,1,-300.0,2026-08-10 10:54:00.009000-04:00,2026-08-10 11:01:00-04:00,6.9998499999999995,2026-08-10,-0.25,-299.75
ES:vwapbreak_q_noext,ES,1,-175.0,2026-08-10 10:03:02.453000-04:00,2026-08-10 11:01:00-04:00,57.95911666666667,2026-08-10,-51.71875,-123.28125
ES:vwapbreak_q_noext,ES,1,-350.0,2026-08-10 11:16:17.748000-04:00,2026-08-10 11:35:00-04:00,18.7042,2026-08-10,-5.25,-344.75
ES:vwapbreak_q_noext,ES,-1,1125.0,2026-08-11 11:20:09.448000-04:00,2026-08-11 15:59:00-04:00,278.84253333333334,2026-08-11,1547.875,-422.875
ES:vwapbreak_q_noext,ES,-1,-712.5,2026-08-12 10:32:00.070000-04:00,2026-08-12 10:40:00-04:00,7.998833333333334,2026-08-12,24.5625,-737.0625
ES:vwapbreak_q_noext,ES,1,-837.5,2026-08-13 10:56:00.049000-04:00,2026-08-13 11:35:00-04:00,38.999183333333335,2026-08-13,66.5,-904.0
ES:vwapbreak_q_noext,ES,1,-162.5,2026-08-13 15:13:31.403000-04:00,2026-08-13 15:59:00-04:00,45.47661666666667,2026-08-13,39.59375,-202.09375
ES:vwapbreak_qual,ES,1,-62.5,2026-08-10 11:00:14.193000-04:00,2026-08-10 11:01:00-04:00,0.7634500000000001,2026-08-10,2.84375,-65.34375
ES:vwapbreak_qual_2p,ES,1,-300.0,2026-08-10 10:54:00.009000-04:00,2026-08-10 11:01:00-04:00,6.9998499999999995,2026-08-10,-8.15625,-291.84375
ES:vwapbreak_qual_tol,ES,1,-300.0,2026-08-10 10:54:00.009000-04:00,2026-08-10 11:01:00-04:00,6.9998499999999995,2026-08-10,-23.125,-276.875
ES:vwapbreak_retest,ES,1,-100.0,2026-08-06 10:27:00.035000-04:00,2026-08-06 10:28:00-04:00,0.9994166666666667,2026-08-06,1.0,-101.0
ES:vwapbreak_retest_2p,ES,1,-100.0,2026-08-06 10:27:00.035000-04:00,2026-08-06 10:28:00-04:00,0.9994166666666667,2026-08-06,-4.8125,-95.1875
ES:vwapbreak_retest_2p,ES,1,-737.5,2026-08-10 11:00:14.193000-04:00,2026-08-10 12:32:00-04:00,91.76344999999999,2026-08-10,-153.53125,-583.96875
ES:vwapbreak_retest_2p,ES,1,-75.0,2026-08-14 10:15:00.021000-04:00,2026-08-14 10:18:00-04:00,2.9996500000000004,2026-08-14,-1.25,-73.75
ES:zones_15m,ES,-1,-825.0,2026-08-10 09:16:00-04:00,2026-08-10 09:31:00-04:00,15.0,2026-08-10,31.46875,-856.46875
ES:zones_15m,ES,1,675.0,2026-08-10 11:01:00-04:00,2026-08-10 11:31:00-04:00,30.0,2026-08-10,3.6249999999999996,671.375
ES:zones_15m,ES,1,-875.0,2026-08-11 10:16:00-04:00,2026-08-11 10:46:00-04:00,30.0,2026-08-11,-106.74999999999999,-768.25
ES:zones_15m,ES,-1,525.0,2026-08-12 09:46:00-04:00,2026-08-12 10:01:00-04:00,15.0,2026-08-12,10.125,514.875
ES:zones_1h,ES,-1,1850.0,2026-08-12 15:01:00-04:00,2026-08-12 15:59:00-04:00,58.0,2026-08-12,-21.125,1871.125
ES:zones_gap,ES,1,-3250.0,2026-07-31 09:31:00-04:00,2026-07-31 10:01:00-04:00,30.0,2026-07-31,59.0,-3309.0
ES:zones_gap,ES,1,-7162.5,2026-07-31 09:31:00-04:00,2026-07-31 10:31:00-04:00,60.0,2026-07-31,555.9375,-7718.4375
ES:zones_gap,ES,-1,-2100.0,2026-07-31 11:31:00-04:00,2026-07-31 12:31:00-04:00,60.0,2026-07-31,-544.90625,-1555.09375
ES:zones_gap,ES,-1,-7037.5,2026-08-06 08:23:00.553000-04:00,2026-08-07 10:31:00-04:00,1567.9907833333334,2026-08-07,,
ES:zones_gap,ES,-1,-1315.625,2026-08-06 08:23:00.553000-04:00,2026-08-11 11:31:00-04:00,7387.990783333333,2026-08-11,,
ES:zones_gap,ES,-1,-881.25,2026-08-06 08:23:00.553000-04:00,2026-08-11 13:31:00-04:00,7507.990783333333,2026-08-11,,
ES:zones_gap,ES,-1,-1290.625,2026-08-06 08:23:00.553000-04:00,2026-08-12 10:01:00-04:00,8737.990783333333,2026-08-12,,
ES:zones_gap,ES,-1,-937.5,2026-08-12 15:59:00-04:00,2026-08-13 10:01:00-04:00,1082.0,2026-08-13,,
ES:zones_gap,ES,-1,370.8333333333485,2026-08-13 11:01:00-04:00,2026-08-14 11:01:00-04:00,1440.0,2026-08-14,,
ES:zones_gap,ES,-1,858.3333333333485,2026-08-13 11:01:00-04:00,2026-08-14 15:59:00-04:00,1738.0,2026-08-14,,
ES:zones_gap,ES,-1,3141.666666666697,2026-08-13 11:01:00-04:00,2026-08-18 15:59:00-04:00,7498.0,2026-08-18,,
ES:zones_gap,ES,-1,1133.3333333333485,2026-08-13 11:01:00-04:00,2026-08-19 10:31:00-04:00,8610.0,2026-08-19,,
ES:zones_gap,ES,-1,1145.8333333333485,2026-08-13 11:01:00-04:00,2026-08-19 11:01:00-04:00,8640.0,2026-08-19,,
ES:zones_gap,ES,-1,2868.75,2026-08-19 12:01:00-04:00,2026-08-20 15:59:00-04:00,1678.0,2026-08-20,,
NQ:dipbuy,NQ,-1,190.0,2026-08-10 11:58:00-04:00,2026-08-10 11:59:00-04:00,1.0,2026-08-10,6.475,183.525
NQ:dipbuy,NQ,-1,-0.0,2026-08-10 11:58:00-04:00,2026-08-10 12:01:00-04:00,3.0,2026-08-10,17.3625,-17.3625
NQ:dipbuy,NQ,-1,600.0,2026-08-11 10:53:00-04:00,2026-08-11 10:54:00-04:00,1.0,2026-08-11,11.45,588.55
NQ:dipbuy,NQ,-1,4350.0,2026-08-11 10:53:00-04:00,2026-08-11 11:09:00-04:00,16.0,2026-08-11,151.16250000000002,4198.8375
NQ:dipbuy,NQ,1,-450.0,2026-08-11 14:21:00-04:00,2026-08-11 14:22:00-04:00,1.0,2026-08-11,3.9000000000000004,-453.9
NQ:dipbuy,NQ,1,-90.0,2026-08-12 10:32:00-04:00,2026-08-12 10:33:00-04:00,1.0,2026-08-12,-9.1,-80.9
NQ:dipbuy,NQ,1,855.0,2026-08-12 10:32:00-04:00,2026-08-12 10:34:00-04:00,2.0,2026-08-12,-11.75,866.75
NQ:dipbuy,NQ,1,-199.71922772820108,2026-08-14 10:19:00-04:00,2026-08-14 10:20:00-04:00,1.0,2026-08-14,-13.6125,-186.10672772820107
NQ:dipbuy,NQ,1,63.742666121106595,2026-08-14 11:41:00-04:00,2026-08-14 11:42:00-04:00,1.0,2026-08-14,-9.025,72.7676661211066
NQ:dipbuy,NQ,1,-144.3860008183401,2026-08-14 11:41:00-04:00,2026-08-14 11:43:00-04:00,2.0,2026-08-14,-15.4,-128.9860008183401
NQ:dipbuy,NQ,-1,-1225.0,2026-08-17 11:01:00-04:00,2026-08-17 11:04:00-04:00,3.0,2026-08-17,30.787499999999998,-1255.7875
NQ:dipbuy,NQ,1,-1043.2926089266402,2026-08-18 10:54:00-04:00,2026-08-18 10:55:00-04:00,1.0,2026-08-18,25.9,-1069.1926089266403
NQ:dipbuy,NQ,1,30.0,2026-08-20 13:21:00-04:00,2026-08-20 13:22:00-04:00,1.0,2026-08-20,-5.4,35.4
NQ:dipbuy,NQ,1,-860.0964006293361,2026-08-20 13:21:00-04:00,2026-08-20 13:28:00-04:00,7.0,2026-08-20,37.8,-897.8964006293361
NQ:flow,NQ,-1,-6960.0,2026-07-30 09:11:05.242000-04:00,2026-07-31 16:00:00.885000-04:00,1848.9273833333332,2026-07-31,,
NQ:flow,NQ,-1,-13255.0,2026-07-30 09:11:05.242000-04:00,2026-08-03 15:59:00-04:00,6167.912633333332,2026-08-03,,
NQ:flow,NQ,-1,-20720.0,2026-07-30 09:11:05.242000-04:00,2026-08-04 09:20:50.835000-04:00,7209.759883333333,2026-08-04,,
NQ:flow,NQ,-1,-610.0,2026-08-04 09:23:05.372000-04:00,2026-08-04 09:30:37.679000-04:00,7.53845,2026-08-04,-197.1625,-412.8375
NQ:flow,NQ,1,785.0,2026-08-04 09:32:01.892000-04:00,2026-08-04 09:37:31.880000-04:00,5.4998,2026-08-04,126.3875,658.6125
NQ:flow,NQ,-1,-0.0,2026-08-04 09:37:31.880000-04:00,2026-08-05 12:23:00.430000-04:00,1605.4758333333334,2026-08-05,,
NQ:flow,NQ,-1,-160.0,2026-08-05 14:56:56.252000-04:00,2026-08-05 14:57:31.687000-04:00,0.5905833333333333,2026-08-05,30.625,-190.625
NQ:flow,NQ,1,-105.0,2026-08-05 14:59:02.310000-04:00,2026-08-05 14:59:33.879000-04:00,0.52615,2026-08-05,-8.9875,-96.0125
NQ:flow,NQ,-1,240.0,2026-08-05 15:33:31.702000-04:00,2026-08-05 15:35:26.720000-04:00,1.9169666666666667,2026-08-05,37.075,202.925
NQ:flow,NQ,1,0.0,2026-08-05 15:59:59.967000-04:00,2026-08-05 16:00:00-04:00,0.00055,2026-08-05,-12.962499999999999,12.962499999999999
NQ:flow,NQ,-1,-450.0,2026-08-06 10:09:10.442000-04:00,2026-08-06 10:11:09.876000-04:00,1.9905666666666666,2026-08-06,-11.712499999999999,-438.2875
NQ:flow,NQ,-1,-175.0,2026-08-06 11:06:59.725000-04:00,2026-08-06 11:08:55.362000-04:00,1.9272833333333332,2026-08-06,-40.475,-134.525
NQ:flow,NQ,-1,180.0,2026-08-06 15:50:04.375000-04:00,2026-08-06 15:53:04.778000-04:00,3.0067166666666667,2026-08-06,-4.75,184.75
NQ:flow,NQ,-1,110.0,2026-08-07 09:27:40.528000-04:00,2026-08-07 09:29:46.846000-04:00,2.1053,2026-08-07,-40.8,150.8
NQ:flow,NQ,1,-65.0,2026-08-07 09:33:06.893000-04:00,2026-08-07 09:35:11.655000-04:00,2.0793666666666666,2026-08-07,7.4624999999999995,-72.4625
NQ:flow,NQ,1,-285.0,2026-08-07 10:02:31.823000-04:00,2026-08-07 10:04:00.672000-04:00,1.4808166666666667,2026-08-07,12.5,-297.5
NQ:flow,NQ,-1,-435.0,2026-08-07 10:35:50.658000-04:00,2026-08-07 10:37:50.606000-04:00,1.9991333333333332,2026-08-07,4.9375,-439.9375
NQ:flow,NQ,1,445.0,2026-08-07 11:25:23.529000-04:00,2026-08-07 11:27:57.474000-04:00,2.56575,2026-08-07,34.587500000000006,410.4125
NQ:flow,NQ,1,210.0,2026-08-07 11:30:00.720000-04:00,2026-08-07 11:34:23.733000-04:00,4.38355,2026-08-07,37.225,172.775
NQ:flow,NQ,-1,940.0,2026-08-07 12:25:00.881000-04:00,2026-08-07 12:27:33.372000-04:00,2.541516666666667,2026-08-07,-20.5625,960.5625
NQ:flow,NQ,1,985.0,2026-08-07 12:32:51.649000-04:00,2026-08-07 12:36:14.674000-04:00,3.38375,2026-08-07,32.325,952.675
NQ:flow,NQ,-1,-55.0,2026-08-07 14:15:39.932000-04:00,2026-08-07 14:17:37.570000-04:00,1.9606333333333335,2026-08-07,25.099999999999998,-80.1
NQ:flow,NQ,1,-140.0,2026-08-07 15:01:24.865000-04:00,2026-08-07 15:02:33.639000-04:00,1.1462333333333334,2026-08-07,17.4375,-157.4375
NQ:flow,NQ,1,230.0,2026-08-07 15:10:17.710000-04:00,2026-08-07 15:12:32.665000-04:00,2.2492500000000004,2026-08-07,30.25,199.75
NQ:flow,NQ,-1,-535.0,2026-08-07 15:52:32.518000-04:00,2026-08-07 15:54:00.303000-04:00,1.4630833333333333,2026-08-07,-11.8875,-523.1125
NQ:flow,NQ,-1,-310.0,2026-08-10 09:28:05.984000-04:00,2026-08-10 09:30:00.936000-04:00,1.9158666666666666,2026-08-10,14.762500000000001,-324.7625
NQ:flow,NQ,1,200.0,2026-08-10 09:30:00.936000-04:00,2026-08-10 09:32:17.669000-04:00,2.2788833333333334,2026-08-10,12.375,187.625
NQ:flow,NQ,1,5.0,2026-08-10 11:45:05.707000-04:00,2026-08-10 11:47:30.769000-04:00,2.4177000000000004,2026-08-10,0.8250000000000001,4.175
NQ:flow,NQ,-1,440.0,2026-08-10 12:31:58.946000-04:00,2026-08-10 13:04:41.832000-04:00,32.71476666666667,2026-08-10,63.849999999999994,376.15
NQ:flow,NQ,1,310.0,2026-08-10 13:08:27.457000-04:00,2026-08-10 13:16:19.459000-04:00,7.8667,2026-08-10,-9.75,319.75
NQ:flow,NQ,1,-340.0,2026-08-10 15:39:15.153000-04:00,2026-08-10 15:41:12.973000-04:00,1.9636666666666664,2026-08-10,9.0,-349.0
NQ:flow,NQ,-1,-15.0,2026-08-10 15:51:23.491000-04:00,2026-08-10 15:54:10.912000-04:00,2.7903499999999997,2026-08-10,-7.9125,-7.0875
NQ:flow,NQ,-1,-25.0,2026-08-11 11:48:34.813000-04:00,2026-08-11 11:50:12.842000-04:00,1.6338166666666667,2026-08-11,17.05,-42.05
NQ:flow,NQ,1,-555.0,2026-08-11 12:23:33.615000-04:00,2026-08-11 12:25:33.458000-04:00,1.9973833333333333,2026-08-11,-6.775,-548.225
NQ:flow,NQ,-1,-65.0,2026-08-11 13:03:27.426000-04:00,2026-08-11 13:06:02.905000-04:00,2.5913166666666667,2026-08-11,32.825,-97.825
NQ:flow,NQ,-1,305.0,2026-08-11 14:27:40.936000-04:00,2026-08-11 14:29:40.768000-04:00,1.9971999999999999,2026-08-11,11.975,293.025
NQ:flow,NQ,1,425.0,2026-08-12 09:17:15.758000-04:00,2026-08-12 09:23:41.830000-04:00,6.434533333333333,2026-08-12,-69.2875,494.2875
NQ:flow,NQ,1,-2190.0,2026-08-12 09:28:00.838000-04:00,2026-08-12 09:39:39.799000-04:00,11.64935,2026-08-12,-42.912499999999994,-2147.0875
NQ:flow,NQ,-1,915.0,2026-08-12 09:54:00.523000-04:00,2026-08-12 09:56:21.514000-04:00,2.3498500000000004,2026-08-12,28.537499999999998,886.4625
NQ:flow,NQ,-1,-410.0,2026-08-12 11:34:15.664000-04:00,2026-08-12 11:36:15.643000-04:00,1.99965,2026-08-12,26.7375,-436.7375
NQ:flow,NQ,1,10.0,2026-08-12 14:41:01.488000-04:00,2026-08-12 14:43:01.781000-04:00,2.0048833333333334,2026-08-12,-14.662500000000001,24.6625
NQ:flow,NQ,-1,65.0,2026-08-12 15:21:28.893000-04:00,2026-08-12 15:23:42.499000-04:00,2.226766666666667,2026-08-12,15.275,49.725
NQ:flow,NQ,-1,-45.0,2026-08-12 15:51:24.487000-04:00,2026-08-12 15:52:23.496000-04:00,0.9834833333333334,2026-08-12,4.0875,-49.0875
NQ:flow,NQ,-1,-230.0,2026-08-13 09:30:00.781000-04:00,2026-08-13 09:33:33.881000-04:00,3.5516666666666667,2026-08-13,-61.65,-168.35
NQ:flow,NQ,-1,-340.0,2026-08-13 11:41:53.343000-04:00,2026-08-13 11:43:53.615000-04:00,2.0045333333333333,2026-08-13,-24.787499999999998,-315.2125
NQ:flow,NQ,-1,-85.0,2026-08-13 12:45:32.875000-04:00,2026-08-13 12:47:56.750000-04:00,2.3979166666666667,2026-08-13,-4.0625,-80.9375
NQ:flow,NQ,1,-20.0,2026-08-13 14:41:51.986000-04:00,2026-08-13 14:44:07.317000-04:00,2.2555166666666664,2026-08-13,20.0875,-40.0875
NQ:flow,NQ,-1,-80.0,2026-08-13 15:51:36.504000-04:00,2026-08-13 15:54:52.786000-04:00,3.2713666666666668,2026-08-13,-45.337500000000006,-34.662499999999994
NQ:flow,NQ,-1,430.0,2026-08-14 09:33:03.828000-04:00,2026-08-14 09:38:38.620000-04:00,5.579866666666666,2026-08-14,36.2375,393.7625
NQ:flow,NQ,1,135.0,2026-08-14 13:56:25.653000-04:00,2026-08-14 13:59:55.905000-04:00,3.5042,2026-08-14,-17.3625,152.3625
NQ:flow,NQ,-1,-135.0,2026-08-14 15:45:13.831000-04:00,2026-08-14 15:48:13.908000-04:00,3.0012833333333333,2026-08-14,21.150000000000002,-156.15
NQ:flow,NQ,-1,-515.0,2026-08-17 09:23:52.128000-04:00,2026-08-17 09:26:13.866000-04:00,2.3623,2026-08-17,-0.8999999999999999,-514.1
NQ:flow,NQ,-1,-1160.0,2026-08-18 09:30:02.747000-04:00,2026-08-18 09:35:42.567000-04:00,5.663666666666667,2026-08-18,20.75,-1180.75
NQ:flow,NQ,-1,-50.0,2026-08-18 10:11:11.792000-04:00,2026-08-18 10:14:59.927000-04:00,3.80225,2026-08-18,47.3125,-97.3125
NQ:flow,NQ,1,260.0,2026-08-18 11:21:52.649000-04:00,2026-08-18 11:23:52.341000-04:00,1.9948666666666666,2026-08-18,-21.3875,281.3875
NQ:flow,NQ,1,-65.0,2026-08-18 12:00:43.585000-04:00,2026-08-18 12:05:49.046000-04:00,5.0910166666666665,2026-08-18,-43.550000000000004,-21.449999999999996
NQ:flow,NQ,-1,-205.0,2026-08-18 15:26:34.981000-04:00,2026-08-18 15:28:34.548000-04:00,1.9927833333333331,2026-08-18,26.2875,-231.2875
NQ:flow,NQ,-1,-110.0,2026-08-18 15:54:31.656000-04:00,2026-08-18 15:57:18.387000-04:00,2.77885,2026-08-18,21.412499999999998,-131.4125
NQ:flow,NQ,1,-65.0,2026-08-18 15:59:45.618000-04:00,2026-08-18 15:59:46.145000-04:00,0.008783333333333334,2026-08-18,4.2,-69.2
NQ:flow,NQ,1,-35.0,2026-08-18 15:59:56.482000-04:00,2026-08-18 16:00:00.669000-04:00,0.06978333333333334,2026-08-18,-1.0,-34.0
NQ:flow,NQ,-1,510.0,2026-08-19 09:26:52.888000-04:00,2026-08-19 09:28:52.539000-04:00,1.9941833333333332,2026-08-19,20.1875,489.8125
NQ:flow,NQ,-1,-1115.0,2026-08-19 09:30:24.664000-04:00,2026-08-19 09:32:07.598000-04:00,1.7155666666666667,2026-08-19,23.487499999999997,-1138.4875
NQ:flow,NQ,-1,-150.0,2026-08-19 09:39:54.709000-04:00,2026-08-19 09:43:00.737000-04:00,3.1004666666666667,2026-08-19,10.85,-160.85
NQ:flow,NQ,-1,-580.0,2026-08-19 11:41:59.949000-04:00,2026-08-19 11:44:36.494000-04:00,2.609083333333333,2026-08-19,27.137500000000003,-607.1375
NQ:flow,NQ,1,-390.0,2026-08-19 11:44:55.406000-04:00,2026-08-19 11:54:29.083000-04:00,9.561283333333334,2026-08-19,-116.3125,-273.6875
NQ:flow,NQ,-1,270.0,2026-08-19 15:36:59.959000-04:00,2026-08-19 15:41:38.869000-04:00,4.6485,2026-08-19,104.5125,165.4875
NQ:flow,NQ,1,0.0,2026-08-20 12:24:19.669000-04:00,2026-08-20 12:26:31.953000-04:00,2.204733333333333,2026-08-20,-11.225000000000001,11.225000000000001
NQ:flow,NQ,-1,-140.0,2026-08-20 14:07:35.891000-04:00,2026-08-20 14:07:44.684000-04:00,0.14654999999999999,2026-08-20,-1.1,-138.9
NQ:flow,NQ,-1,-50.0,2026-08-20 15:51:15.522000-04:00,2026-08-20 15:53:26.073000-04:00,2.1758499999999996,2026-08-20,8.0875,-58.0875
NQ:flow,NQ,1,-10.0,2026-08-20 15:59:45.657000-04:00,2026-08-20 15:59:46.116000-04:00,0.0076500000000000005,2026-08-20,-14.299999999999999,4.299999999999999
NQ:flow,NQ,1,330.0,2026-08-20 15:59:46.648000-04:00,2026-08-20 16:00:00.635000-04:00,0.23311666666666667,2026-08-20,-6.0875,336.0875
NQ:ibs,NQ,-1,2395.0,2026-08-07 15:59:00-04:00,2026-08-10 15:59:00-04:00,4320.0,2026-08-10,,
NQ:onbreak,NQ,1,4160.0,2026-07-30 10:00:00-04:00,2026-07-31 10:00:00-04:00,1440.0,2026-07-31,,
NQ:onbreak,NQ,1,8042.5,2026-07-31 10:36:00-04:00,2026-08-03 15:59:00-04:00,4643.0,2026-08-03,,
NQ:onbreak,NQ,1,0.0,2026-07-31 10:36:00-04:00,2026-08-05 12:23:00.430000-04:00,7307.007166666666,2026-08-05,,
NQ:onbreak,NQ,1,515.0,2026-08-06 10:00:00-04:00,2026-08-06 10:40:00-04:00,40.0,2026-08-06,152.10000000000002,362.9
NQ:onbreak,NQ,-1,-360.0,2026-08-10 11:33:00-04:00,2026-08-10 11:41:00-04:00,8.0,2026-08-10,43.550000000000004,-403.55
NQ:onbreak,NQ,1,-145.0,2026-08-13 10:00:00-04:00,2026-08-13 11:33:00-04:00,93.0,2026-08-13,387.1125,-532.1125
NQ:onbreak,NQ,-1,-60.0,2026-08-14 11:03:00-04:00,2026-08-14 15:59:00-04:00,296.0,2026-08-14,1983.8,-2043.8
NQ:onbreak,NQ,-1,-650.0,2026-08-18 10:00:00-04:00,2026-08-18 10:27:00-04:00,27.0,2026-08-18,200.475,-850.475
NQ:onbreak,NQ,-1,-820.0,2026-08-19 10:11:00-04:00,2026-08-19 10:17:00-04:00,6.0,2026-08-19,50.875,-870.875
NQ:onbreak,NQ,-1,315.0,2026-08-20 12:02:00-04:00,2026-08-20 15:59:00-04:00,237.0,2026-08-20,548.625,-233.625
NQ:opendrive,NQ,1,4160.0,2026-07-30 10:00:00-04:00,2026-07-31 10:00:00-04:00,1440.0,2026-07-31,,
NQ:opendrive,NQ,1,7102.5,2026-07-31 15:59:00-04:00,2026-08-03 15:59:00-04:00,4320.0,2026-08-03,,
NQ:opendrive,NQ,1,0.0,2026-07-31 15:59:00-04:00,2026-08-05 12:23:00.430000-04:00,6984.007166666666,2026-08-05,,
NQ:opendrive,NQ,1,-260.0,2026-08-06 10:00:00-04:00,2026-08-06 15:59:00-04:00,359.0,2026-08-06,1353.9750000000001,-1613.9750000000001
NQ:opendrive,NQ,-1,-2965.0,2026-08-07 10:00:00-04:00,2026-08-07 11:27:49.728000-04:00,87.8288,2026-08-07,-204.8125,-2760.1875
NQ:opendrive,NQ,1,-2170.0,2026-08-10 10:06:08.473000-04:00,2026-08-10 15:59:00-04:00,352.8587833333333,2026-08-10,-411.75,-1758.25
NQ:opendrive,NQ,-1,200.0,2026-08-11 12:20:51.020000-04:00,2026-08-11 15:59:00-04:00,218.14966666666666,2026-08-11,2354.2124999999996,-2154.2124999999996
NQ:opendrive,NQ,-1,250.0,2026-08-12 10:05:00.136000-04:00,2026-08-12 15:59:00-04:00,353.9977333333334,2026-08-12,1079.0375,-829.0374999999999
NQ:opendrive,NQ,1,65.0,2026-08-13 10:00:43.307000-04:00,2026-08-13 15:59:00-04:00,358.27821666666665,2026-08-13,3021.9125000000004,-2956.9125000000004
NQ:opendrive,NQ,-1,970.0,2026-08-14 10:19:20.757000-04:00,2026-08-14 15:59:00-04:00,339.65405,2026-08-14,2615.8125,-1645.8125
NQ:opendrive,NQ,1,-3775.0,2026-08-17 11:04:20.547000-04:00,2026-08-17 19:28:03.365000-04:00,503.71363333333335,2026-08-17,,
NQ:opendrive,NQ,-1,325.0,2026-08-18 10:10:18.780000-04:00,2026-08-18 15:59:00-04:00,348.687,2026-08-18,1774.5,-1449.5
NQ:opendrive,NQ,-1,-2190.0,2026-08-19 10:11:10.471000-04:00,2026-08-19 15:59:00-04:00,347.8254833333333,2026-08-19,189.375,-2379.375
NQ:opendrive_orb,NQ,1,2800.0,2026-07-30 10:00:59.439000-04:00,2026-07-31 10:01:23.048000-04:00,1440.3934833333333,2026-07-31,,
NQ:opendrive_orb,NQ,1,6997.5,2026-07-31 15:59:00-04:00,2026-08-03 15:59:00-04:00,4320.0,2026-08-03,,
NQ:opendrive_orb,NQ,1,0.0,2026-07-31 15:59:00-04:00,2026-08-05 12:23:00.430000-04:00,6984.007166666666,2026-08-05,,
NQ:opendrive_orb,NQ,1,-780.0,2026-08-06 10:00:04.243000-04:00,2026-08-06 15:59:00-04:00,358.92928333333333,2026-08-06,1333.75,-2113.75
NQ:opendrive_orb,NQ,-1,-3575.0,2026-08-07 10:02:09.569000-04:00,2026-08-07 11:26:08.953000-04:00,83.98973333333333,2026-08-07,-237.825,-3337.175
NQ:opendrive_orb,NQ,1,-2170.0,2026-08-10 10:06:08.473000-04:00,2026-08-10 15:59:00-04:00,352.8587833333333,2026-08-10,-379.96250000000003,-1790.0375
NQ:pivot,NQ,1,6870.0,2026-07-30 09:46:00-04:00,2026-08-03 09:31:00-04:00,5745.0,2026-08-03,,
NQ:pivot,NQ,1,-650.0,2026-08-03 09:37:00-04:00,2026-08-03 09:41:00-04:00,4.0,2026-08-03,133.375,-783.375
NQ:pivot,NQ,1,11440.0,2026-08-03 09:58:00-04:00,2026-08-04 10:07:00-04:00,1449.0,2026-08-04,,
NQ:pivot,NQ,1,11595.0,2026-08-03 09:58:00-04:00,2026-08-04 10:08:00-04:00,1450.0,2026-08-04,,
NQ:pivot,NQ,1,1275.0,2026-08-04 10:09:00-04:00,2026-08-04 11:10:00-04:00,61.0,2026-08-04,1571.45,-296.45000000000005
NQ:pivot,NQ,1,0.0,2026-08-04 10:09:00-04:00,2026-08-05 12:23:00.430000-04:00,1574.0071666666665,2026-08-05,,
NQ:pivot,NQ,-1,-3900.0,2026-08-06 09:33:00-04:00,2026-08-06 09:45:00-04:00,12.0,2026-08-06,-99.525,-3800.475
NQ:pivot,NQ,-1,-1285.0,2026-08-06 10:01:00-04:00,2026-08-06 10:11:00-04:00,10.0,2026-08-06,-119.71249999999999,-1165.2875
NQ:pivot,NQ,1,2820.0,2026-08-07 09:30:00-04:00,2026-08-07 15:59:00-04:00,389.0,2026-08-07,2805.0,15.0
NQ:pivot,NQ,1,835.0,2026-08-10 09:35:00-04:00,2026-08-10 09:36:00-04:00,1.0,2026-08-10,-13.0,848.0
NQ:pivot,NQ,-1,320.0,2026-08-10 09:37:00-04:00,2026-08-10 09:38:00-04:00,1.0,2026-08-10,2.1125,317.8875
NQ:pivot,NQ,-1,-220.0,2026-08-10 09:41:00-04:00,2026-08-10 09:42:00-04:00,1.0,2026-08-10,-2.325,-217.675
NQ:pivot,NQ,-1,2413.399999999965,2026-08-18 09:35:23.914000-04:00,2026-08-18 10:11:00-04:00,35.60143333333333,2026-08-18,212.63750000000002,2200.7624999999653
NQ:pivot,NQ,-1,1168.399999999965,2026-08-18 10:18:06.065000-04:00,2026-08-18 10:59:00-04:00,40.898916666666665,2026-08-18,133.66250000000002,1034.7374999999652
NQ:pivot,NQ,1,-118.39999999996508,2026-08-18 11:00:27.659000-04:00,2026-08-18 11:01:00-04:00,0.5390166666666667,2026-08-18,-14.850000000000001,-103.54999999996508
NQ:trendjoin,NQ,-1,-1130.0,2026-08-18 10:12:00-04:00,2026-08-18 10:21:00-04:00,9.0,2026-08-18,90.8125,-1220.8125
NQ:trendjoin,NQ,-1,-1480.0,2026-08-19 09:49:00-04:00,2026-08-19 10:54:00-04:00,65.0,2026-08-19,-60.612500000000004,-1419.3875
NQ:trendjoin,NQ,1,850.0,2026-08-19 10:55:00-04:00,2026-08-19 12:25:00-04:00,90.0,2026-08-19,86.0,764.0
NQ:trendjoin,NQ,-1,-1355.0,2026-08-20 12:07:00-04:00,2026-08-20 12:45:00-04:00,38.0,2026-08-20,119.825,-1474.825
NQ:trendjoin_narrow,NQ,1,-1260.0,2026-08-17 11:08:00-04:00,2026-08-17 11:41:00-04:00,33.0,2026-08-17,-209.25,-1050.75
NQ:trendjoin_narrow,NQ,-1,-1075.0,2026-08-18 09:34:00-04:00,2026-08-18 09:36:00-04:00,2.0,2026-08-18,0.1625,-1075.1625
NQ:trendjoin_narrow,NQ,1,-1435.0,2026-08-18 09:39:00-04:00,2026-08-18 09:47:00-04:00,8.0,2026-08-18,-5.6000000000000005,-1429.4
NQ:trendjoin_narrow,NQ,-1,2430.0,2026-08-18 09:48:00-04:00,2026-08-18 11:18:00-04:00,90.0,2026-08-18,320.25,2109.75
NQ:trendjoin_narrow,NQ,-1,545.0,2026-08-19 09:37:00-04:00,2026-08-19 11:07:00-04:00,90.0,2026-08-19,-82.41250000000001,627.4125
NQ:trendjoin_narrow,NQ,1,-95.0,2026-08-19 11:08:00-04:00,2026-08-19 12:38:00-04:00,90.0,2026-08-19,119.75,-214.75
NQ:trendjoin_narrow,NQ,-1,-1405.0,2026-08-19 14:18:00-04:00,2026-08-19 14:31:00-04:00,13.0,2026-08-19,65.2625,-1470.2625
NQ:trendjoin_narrow,NQ,-1,-1130.0,2026-08-20 12:02:00-04:00,2026-08-20 12:45:00-04:00,43.0,2026-08-20,138.575,-1268.575
NQ:trendjoin_narrow,NQ,-1,-1090.0,2026-08-20 14:09:00-04:00,2026-08-20 15:08:00-04:00,59.0,2026-08-20,281.7625,-1371.7625
NQ:vwapbreak,NQ,1,-1660.0,2026-07-30 10:00:00-04:00,2026-07-30 10:55:00-04:00,55.0,2026-07-30,844.2,-2504.2
NQ:vwapbreak,NQ,-1,-1030.0,2026-07-31 10:03:00-04:00,2026-07-31 10:52:00-04:00,49.0,2026-07-31,-251.9875,-778.0125
NQ:vwapbreak,NQ,1,5455.0,2026-08-03 10:00:00-04:00,2026-08-03 15:59:00-04:00,359.0,2026-08-03,8659.425,-3204.4249999999993
NQ:vwapbreak,NQ,1,0.0,2026-08-04 10:06:00-04:00,2026-08-05 12:23:00.430000-04:00,1577.0071666666665,2026-08-05,,
NQ:vwapbreak,NQ,1,-625.0,2026-08-06 10:07:00-04:00,2026-08-06 12:00:00-04:00,113.0,2026-08-06,-277.2875,-347.7125
NQ:vwapbreak,NQ,1,-2580.0,2026-08-07 11:26:00-04:00,2026-08-07 14:45:00-04:00,199.0,2026-08-07,23.137500000000003,-2603.1375
NQ:vwapbreak,NQ,1,-510.0,2026-08-10 10:25:02.461000-04:00,2026-08-10 10:54:00-04:00,28.958983333333332,2026-08-10,-26.412499999999998,-483.5875
NQ:vwapbreak,NQ,-1,-440.0,2026-08-12 10:07:17.869000-04:00,2026-08-12 10:11:00-04:00,3.702183333333333,2026-08-12,4.8375,-444.8375
NQ:vwapbreak,NQ,-1,-800.0,2026-08-19 10:39:00.719000-04:00,2026-08-19 10:54:00-04:00,14.988016666666665,2026-08-19,60.575,-860.575
NQ:zones_gap,NQ,-1,-865.0,2026-08-10 09:31:00-04:00,2026-08-10 10:31:00-04:00,60.0,2026-08-10,215.67499999999998,-1080.675
NQ:zones_gap,NQ,1,-1440.0,2026-08-10 12:01:00-04:00,2026-08-10 13:01:00-04:00,60.0,2026-08-10,-189.1875,-1250.8125
NQ:zones_gap,NQ,-1,3620.0,2026-08-11 11:01:00-04:00,2026-08-11 13:31:00-04:00,150.0,2026-08-11,1499.1625,2120.8375
NQ:zones_gap,NQ,1,7220.0,2026-08-13 10:01:00-04:00,2026-08-13 11:01:00-04:00,60.0,2026-08-13,251.8375,6968.1625
NQ:zones_gap,NQ,1,-920.0,2026-08-14 09:31:00-04:00,2026-08-14 10:31:00-04:00,60.0,2026-08-14,-505.6375,-414.3625
NQ:zones_gap,NQ,-1,-10.0,2026-08-17 09:31:00-04:00,2026-08-17 10:31:00-04:00,60.0,2026-08-17,422.875,-432.875
NQ:zones_gap,NQ,1,125.0,2026-08-17 11:01:00-04:00,2026-08-17 12:31:00-04:00,90.0,2026-08-17,-591.2375,716.2375
