day,sym,kind,at,rng,v_in,v_in30,pre_rng,coil,marginal,conv,v_hi,dwell,v_out,give30
2025-02-18,ESH5,BOTTOM,848,28.25,0.85,0.25,5.0,1.7,6.0,0.005,7.19,20,0.18,-3.75
2025-02-19,ESH5,TOP,891,35.75,0.25,0.08,12.75,0.2,1.5,0.376,3.26,38,-0.18,-5.25
2025-02-21,ESH5,BOTTOM,882,103.25,0.75,0.73,22.25,0.34,3.0,0.012,1.19,41,-1.0,-7.75
2025-02-25,ESH5,BOTTOM,693,80.25,1.55,0.47,19.0,0.82,8.5,0.04,1.55,17,-0.85,-30.5
2025-02-26,ESH5,TOP,674,76.5,0.45,0.22,12.25,0.37,0.25,0.143,0.61,40,-0.28,-5.5
2025-02-26,ESH5,BOTTOM,848,76.5,0.48,0.72,22.5,0.21,0.0,0.122,1.35,32,-0.72,-18.75
2025-02-28,ESH5,BOTTOM,801,118.25,1.2,0.7,28.5,0.42,11.25,0.096,1.74,27,-2.42,-33.25
2025-03-04,ESH5,TOP,924,126.25,1.75,0.99,16.0,1.09,16.25,0.108,1.0,19,-4.18,-85.75
2025-03-04,ESH5,BOTTOM,622,126.25,1.98,1.46,48.25,0.41,11.0,0.063,2.14,23,-2.38,-10.75
2025-03-05,ESH5,TOP,909,116.5,1.6,0.55,17.0,0.94,5.0,0.136,0.64,38,-1.42,-12.5
2025-03-05,ESH5,BOTTOM,706,116.5,0.68,0.4,25.25,0.27,1.75,0.04,0.81,31,-0.88,-34.25
2025-03-06,ESH5,TOP,671,98.0,0.92,0.09,22.75,0.41,1.0,0.054,0.89,29,-1.92,-31.0
2025-03-06,ESH5,BOTTOM,869,98.0,0.3,0.49,16.5,0.18,0.5,0.054,0.91,33,-0.2,-3.75
2025-03-07,ESH5,BOTTOM,713,114.5,0.95,1.06,38.0,0.25,7.75,0.036,1.02,35,-2.45,-13.25
2025-03-10,ESH5,BOTTOM,911,132.25,1.35,0.91,31.75,0.43,13.25,0.004,1.37,20,-2.95,-48.75
2025-03-11,ESH5,TOP,894,101.25,1.42,1.23,35.25,0.4,15.5,0.037,1.78,27,-1.3,-34.0
2025-03-11,ESH5,BOTTOM,803,101.25,1.38,0.68,23.75,0.58,10.5,0.216,1.52,37,-0.5,-21.75
2025-03-12,ESH5,BOTTOM,668,86.0,1.7,1.06,35.0,0.49,16.75,0.024,1.92,18,-1.7,-37.5
2025-03-13,ESH5,TOP,625,87.75,0.95,0.99,27.5,0.35,2.5,0.056,2.45,18,-1.6,-18.75
2025-03-13,ESH5,BOTTOM,829,87.75,0.18,0.18,17.5,0.1,2.75,0.039,0.74,33,-0.05,-20.5
2025-03-17,ESH5,TOP,893,73.5,0.62,0.34,10.0,0.62,3.25,0.094,1.13,41,-0.65,-5.75
2025-03-18,ESH5,BOTTOM,717,54.25,0.88,0.46,9.25,0.95,4.25,0.131,1.23,13,-1.2,-21.0
2025-03-19,ESH5,TOP,910,87.5,1.85,1.76,30.5,0.61,22.5,0.02,4.69,15,-1.68,-18.75
2025-03-20,ESM5,TOP,648,76.25,0.57,0.55,19.5,0.29,5.75,0.005,0.75,31,-0.92,-13.25
2025-03-25,ESM5,TOP,652,25.75,0.25,0.3,12.25,0.2,1.5,0.132,1.87,33,-0.25,-4.25
2025-03-25,ESM5,BOTTOM,892,25.75,0.25,0.35,9.25,0.27,1.25,0.257,1.52,21,-0.4,-5.0
2025-03-26,ESM5,BOTTOM,898,90.0,-0.1,0.66,19.25,-0.05,1.0,0.031,0.96,41,-0.08,-3.75
2025-03-27,ESM5,TOP,661,57.0,0.48,0.46,22.75,0.21,1.75,0.031,1.03,40,-0.08,-13.0
2025-04-01,ESM5,TOP,740,91.25,0.5,0.42,19.25,0.26,5.5,0.1,1.09,25,-2.7,-24.0
2025-04-01,ESM5,BOTTOM,621,91.25,0.57,1.42,34.75,0.17,7.75,0.035,1.72,24,-1.35,-45.5
2025-04-02,ESM5,TOP,792,124.75,1.38,1.05,21.75,0.63,14.75,0.071,1.75,36,-1.3,-27.25
2025-04-07,ESM5,TOP,617,409.25,29.22,12.0,145.0,2.02,264.25,0.064,4.75,3,-21.12,-244.25
2025-04-08,ESM5,TOP,617,359.75,2.28,1.3,60.25,0.38,7.5,0.296,1.91,41,-0.38,-34.5
2025-04-09,ESM5,BOTTOM,659,532.75,3.72,1.94,34.25,1.09,41.25,0.136,1.0,41,-3.6,-51.25
2025-04-10,ESM5,BOTTOM,747,230.5,4.88,2.83,59.0,0.83,53.75,0.11,1.99,9,-7.75,-87.0
2025-04-11,ESM5,TOP,834,154.5,0.38,1.73,67.75,0.06,1.5,0.008,1.62,31,-1.02,-29.25
2025-04-11,ESM5,BOTTOM,630,154.5,0.65,1.04,46.0,0.14,-5.0,0.074,2.42,23,-1.85,-31.25
2025-04-14,ESM5,BOTTOM,732,99.25,1.6,0.8,44.5,0.36,6.25,0.051,2.17,23,-2.2,-21.0
2025-04-15,ESM5,BOTTOM,855,62.75,0.8,0.59,17.25,0.46,6.75,0.146,1.62,21,-0.95,-21.25
2025-04-16,ESM5,TOP,685,145.75,2.72,0.91,13.5,2.02,19.75,0.13,2.51,27,-0.57,-26.75
2025-04-17,ESM5,TOP,865,69.75,0.72,0.18,20.25,0.36,0.25,0.006,1.08,41,-0.22,-14.5
2025-04-17,ESM5,BOTTOM,639,69.75,0.92,1.03,33.0,0.28,11.75,0.062,1.61,15,-1.38,-30.0
2025-04-21,ESM5,BOTTOM,842,132.0,0.57,0.52,15.75,0.37,3.5,0.042,1.25,41,-0.22,-12.25
2025-04-22,ESM5,TOP,748,98.25,1.18,1.32,43.25,0.27,8.5,0.027,1.21,40,-0.57,-13.5
2025-04-25,ESM5,TOP,808,70.0,0.82,0.63,18.5,0.45,7.0,0.056,1.08,24,-1.65,-32.5
2025-04-25,ESM5,BOTTOM,631,70.0,1.35,0.71,30.5,0.44,7.75,0.095,2.44,12,-2.3,-21.25
2025-04-28,ESM5,BOTTOM,811,84.0,0.75,0.57,14.0,0.54,3.25,0.126,1.58,33,-1.23,-27.25
2025-04-29,ESM5,TOP,845,63.25,0.28,0.78,24.25,0.11,4.25,0.012,1.57,37,-0.48,-3.5
2025-05-01,ESM5,TOP,675,56.0,0.32,0.37,16.5,0.2,1.75,0.085,6.19,39,0.05,-14.0
2025-05-02,ESM5,TOP,877,56.0,0.52,0.22,7.25,0.72,4.0,0.003,1.47,31,-0.72,-14.5
2025-05-05,ESM5,TOP,880,47.0,0.32,0.22,7.5,0.43,3.0,0.215,1.62,38,-0.22,-13.75
2025-05-06,ESM5,TOP,734,59.75,2.22,0.74,16.25,1.37,11.0,0.048,4.3,6,-2.5,-28.5
2025-05-07,ESM5,BOTTOM,848,66.0,3.12,1.33,23.0,1.36,25.75,0.22,3.92,15,-0.57,-31.0
2025-05-08,ESM5,TOP,772,85.0,0.8,0.32,7.25,1.1,6.5,0.171,0.88,41,-0.48,-7.75
2025-05-08,ESM5,BOTTOM,655,85.0,1.85,0.78,20.75,0.89,7.5,0.133,2.91,13,-1.05,-45.0
2025-05-09,ESM5,BOTTOM,639,45.0,1.12,1.3,32.25,0.35,8.0,0.083,2.65,12,-1.0,-18.75
2025-05-12,ESM5,BOTTOM,631,54.25,1.88,0.58,16.5,1.14,11.0,0.005,3.48,10,-1.5,-18.25
2025-05-13,ESM5,TOP,812,61.5,0.65,0.33,5.5,1.18,5.5,0.075,2.75,38,-0.25,-10.0
2025-05-14,ESM5,BOTTOM,803,31.75,1.1,0.61,6.25,1.76,12.0,0.034,2.05,9,-0.55,-13.75
2025-05-15,ESM5,TOP,801,57.75,0.78,0.32,12.0,0.65,2.75,0.207,1.77,41,-0.5,-5.0
2025-05-16,ESM5,BOTTOM,644,49.25,1.08,0.43,10.0,1.08,7.5,0.17,3.2,8,-1.15,-14.5
2025-05-19,ESM5,TOP,792,67.5,0.68,0.59,10.5,0.64,7.5,0.103,1.15,38,-0.3,-4.25
2025-05-20,ESM5,TOP,645,42.0,0.85,0.37,8.25,1.03,5.5,0.114,1.98,19,-0.25,-6.5
2025-05-20,ESM5,BOTTOM,905,42.0,1.08,0.42,12.5,0.86,8.0,0.116,2.33,11,-0.85,-21.5
2025-05-21,ESM5,TOP,768,107.25,0.5,0.2,6.0,0.83,3.0,0.186,1.34,41,-0.75,-46.5
2025-05-23,ESM5,TOP,857,55.75,-0.25,0.17,15.0,-0.17,-4.0,0.047,1.47,39,-0.28,-7.5
2025-05-27,ESM5,TOP,841,65.5,0.48,0.34,6.75,0.7,3.5,0.121,1.73,41,-0.2,-2.5
2025-05-29,ESM5,BOTTOM,720,61.25,2.92,1.31,19.5,1.5,24.5,0.099,5.44,5,-1.7,-29.25
2025-05-30,ESM5,BOTTOM,754,75.5,2.75,1.22,17.25,1.59,27.5,0.155,4.09,25,-0.45,-9.5
