day,sym,kind,rng,v_in,v_in30,accel,run_len,pre_rng,coil,marginal,retest,v_hi,v_trend,conv,dwell,tod,rev,rev60
2025-02-18,ESH5,BOTTOM,28.25,0.85,0.25,3.4,60,5.0,1.7,0.212,5,7.19,3.31,0.005,2,278,-0.133,-0.319
2025-02-19,ESH5,TOP,35.75,0.25,0.08,3.0,93,12.75,0.2,0.042,5,3.26,0.85,0.376,21,321,-0.147,-0.161
2025-02-21,ESH5,BOTTOM,103.25,0.75,0.73,1.02,114,22.25,0.34,0.029,5,1.19,1.12,0.012,21,312,-0.075,-0.048
2025-02-25,ESH5,BOTTOM,80.25,1.55,0.47,3.32,93,19.0,0.82,0.106,999,1.55,1.44,0.04,8,123,-0.38,-0.502
2025-02-26,ESH5,TOP,76.5,0.45,0.22,2.0,92,12.25,0.37,0.003,5,0.61,0.87,0.143,21,104,-0.072,-0.052
2025-02-26,ESH5,BOTTOM,76.5,0.48,0.72,0.66,73,22.5,0.21,0.0,5,1.35,1.01,0.122,21,278,-0.245,-0.16
2025-02-28,ESH5,BOTTOM,118.25,1.2,0.7,1.71,131,28.5,0.42,0.095,5,1.74,3.51,0.096,20,231,-0.281,-0.195
2025-03-04,ESH5,TOP,126.25,1.75,0.99,1.76,94,16.0,1.09,0.129,999,1.0,1.25,0.108,14,354,-0.679,-0.661
2025-03-04,ESH5,BOTTOM,126.25,1.98,1.46,1.35,41,48.25,0.41,0.087,29,2.14,1.05,0.063,14,52,-0.085,-0.085
2025-03-05,ESH5,TOP,116.5,1.6,0.55,2.91,85,17.0,0.94,0.043,5,0.64,0.76,0.136,21,339,-0.107,-0.142
2025-03-05,ESH5,BOTTOM,116.5,0.68,0.4,1.69,98,25.25,0.27,0.015,5,0.81,0.88,0.04,21,136,-0.294,-0.418
2025-03-06,ESH5,TOP,98.0,0.92,0.09,10.09,70,22.75,0.41,0.01,5,0.89,1.34,0.054,16,101,-0.316,-0.671
2025-03-06,ESH5,BOTTOM,98.0,0.3,0.49,0.61,159,16.5,0.18,0.005,5,0.91,1.2,0.054,20,299,-0.038,-0.245
2025-03-07,ESH5,BOTTOM,114.5,0.95,1.06,0.9,64,38.0,0.25,0.068,5,1.02,0.98,0.036,18,143,-0.116,-0.576
2025-03-10,ESH5,BOTTOM,132.25,1.35,0.91,1.49,107,31.75,0.43,0.1,999,1.37,0.99,0.004,17,341,-0.369,-0.363
2025-03-11,ESH5,TOP,101.25,1.42,1.23,1.16,38,35.25,0.4,0.153,5,1.78,0.79,0.037,10,324,-0.336,-0.417
2025-03-11,ESH5,BOTTOM,101.25,1.38,0.68,2.04,81,23.75,0.58,0.104,5,1.52,1.19,0.216,17,233,-0.215,-0.647
2025-03-12,ESH5,BOTTOM,86.0,1.7,1.06,1.61,38,35.0,0.49,0.195,5,1.92,0.81,0.024,8,98,-0.436,-0.59
2025-03-13,ESH5,TOP,87.75,0.95,0.99,0.96,55,27.5,0.35,0.028,5,2.45,0.88,0.056,12,55,-0.214,-0.456
2025-03-13,ESH5,BOTTOM,87.75,0.18,0.18,1.0,70,17.5,0.1,0.031,5,0.74,1.23,0.039,21,259,-0.234,-0.464
2025-03-17,ESH5,TOP,73.5,0.62,0.34,1.83,83,10.0,0.62,0.044,5,1.13,1.47,0.094,21,323,-0.078,-0.136
2025-03-18,ESH5,BOTTOM,54.25,0.88,0.46,1.91,75,9.25,0.95,0.078,54,1.23,1.19,0.131,9,147,-0.387,-0.24
2025-03-19,ESH5,TOP,87.5,1.85,1.76,1.05,28,30.5,0.61,0.257,5,4.69,2.15,0.02,6,340,-0.214,-0.394
2025-03-20,ESM5,TOP,76.25,0.57,0.55,1.05,49,19.5,0.29,0.075,5,0.75,0.86,0.005,17,78,-0.174,-0.138
2025-03-25,ESM5,TOP,25.75,0.25,0.3,0.83,38,12.25,0.2,0.058,10,1.87,1.12,0.132,15,82,-0.165,-0.544
2025-03-25,ESM5,BOTTOM,25.75,0.25,0.35,0.71,96,9.25,0.27,0.049,6,1.52,0.94,0.257,11,322,-0.194,-0.553
2025-03-26,ESM5,BOTTOM,90.0,-0.1,0.66,-0.15,191,19.25,-0.05,0.011,5,0.96,0.49,0.031,21,328,-0.042,-0.181
2025-03-27,ESM5,TOP,57.0,0.48,0.46,1.04,51,22.75,0.21,0.031,5,1.03,0.85,0.031,20,91,-0.228,-0.456
2025-04-01,ESM5,TOP,91.25,0.5,0.42,1.18,90,19.25,0.26,0.06,999,1.09,1.36,0.1,20,170,-0.263,-0.315
2025-04-01,ESM5,BOTTOM,91.25,0.57,1.42,0.41,51,34.75,0.17,0.085,6,1.72,0.67,0.035,14,51,-0.499,-0.775
2025-04-02,ESM5,TOP,124.75,1.38,1.05,1.31,118,21.75,0.63,0.118,5,1.75,1.24,0.071,17,222,-0.218,-0.351
2025-04-07,ESM5,TOP,409.25,29.22,12.0,2.44,7,145.0,2.02,0.646,999,4.75,1.3,0.064,3,47,-0.597,-0.64
2025-04-08,ESM5,TOP,359.75,2.28,1.3,1.75,47,60.25,0.38,0.021,5,1.91,0.84,0.296,21,47,-0.096,-0.292
2025-04-09,ESM5,BOTTOM,532.75,3.72,1.94,1.92,89,34.25,1.09,0.077,5,1.0,0.78,0.136,21,89,-0.096,-0.052
2025-04-10,ESM5,BOTTOM,230.5,4.88,2.83,1.72,41,59.0,0.83,0.233,999,1.99,1.37,0.11,7,177,-0.377,-0.357
2025-04-11,ESM5,TOP,154.5,0.38,1.73,0.22,85,67.75,0.06,0.01,5,1.62,0.55,0.008,14,264,-0.189,-0.141
2025-04-11,ESM5,BOTTOM,154.5,0.65,1.04,0.62,60,46.0,0.14,-0.032,29,2.42,0.66,0.074,12,60,-0.202,-0.102
2025-04-14,ESM5,BOTTOM,99.25,1.6,0.8,2.0,38,44.5,0.36,0.063,15,2.17,1.38,0.051,13,162,-0.212,-0.234
2025-04-15,ESM5,BOTTOM,62.75,0.8,0.59,1.35,84,17.25,0.46,0.108,5,1.62,1.23,0.146,7,285,-0.339,-0.375
2025-04-16,ESM5,TOP,145.75,2.72,0.91,3.0,115,13.5,2.02,0.136,5,2.51,1.8,0.13,7,115,-0.184,-0.216
2025-04-17,ESM5,TOP,69.75,0.72,0.18,3.95,132,20.25,0.36,0.004,5,1.08,1.7,0.006,21,295,-0.208,-0.466
2025-04-17,ESM5,BOTTOM,69.75,0.92,1.03,0.9,27,33.0,0.28,0.168,20,1.61,0.66,0.062,11,69,-0.43,-0.523
2025-04-21,ESM5,BOTTOM,132.0,0.57,0.52,1.11,195,15.75,0.37,0.027,5,1.25,1.37,0.042,21,272,-0.093,-0.07
2025-04-22,ESM5,TOP,98.25,1.18,1.32,0.89,39,43.25,0.27,0.087,5,1.21,0.97,0.027,20,178,-0.137,-0.621
2025-04-25,ESM5,TOP,70.0,0.82,0.63,1.3,77,18.5,0.45,0.1,5,1.08,1.01,0.056,15,238,-0.464,-0.154
2025-04-25,ESM5,BOTTOM,70.0,1.35,0.71,1.91,14,30.5,0.44,0.111,999,2.44,0.56,0.095,9,61,-0.304,-0.389
2025-04-28,ESM5,BOTTOM,84.0,0.75,0.57,1.3,135,14.0,0.54,0.039,5,1.58,1.92,0.126,21,241,-0.324,-0.429
2025-04-29,ESM5,TOP,63.25,0.28,0.78,0.35,47,24.25,0.11,0.067,9,1.57,0.92,0.012,19,275,-0.055,-0.158
2025-05-01,ESM5,TOP,56.0,0.32,0.37,0.89,56,16.5,0.2,0.031,5,6.19,1.01,0.085,21,105,-0.25,-0.638
2025-05-02,ESM5,TOP,56.0,0.52,0.22,2.42,180,7.25,0.72,0.071,5,1.47,1.23,0.003,21,307,-0.259,-0.188
2025-05-05,ESM5,TOP,47.0,0.32,0.22,1.5,178,7.5,0.43,0.064,5,1.62,0.66,0.215,21,310,-0.293,-0.319
2025-05-06,ESM5,TOP,59.75,2.22,0.74,3.0,115,16.25,1.37,0.184,999,4.3,4.33,0.048,2,164,-0.477,-0.469
2025-05-07,ESM5,BOTTOM,66.0,3.12,1.33,2.34,6,23.0,1.36,0.39,5,3.92,1.44,0.22,3,278,-0.47,-0.667
2025-05-08,ESM5,TOP,85.0,0.8,0.32,2.46,89,7.25,1.1,0.076,5,0.88,1.16,0.171,21,202,-0.091,-0.165
2025-05-08,ESM5,BOTTOM,85.0,1.85,0.78,2.36,85,20.75,0.89,0.088,7,2.91,1.91,0.133,3,85,-0.529,-0.797
2025-05-09,ESM5,BOTTOM,45.0,1.12,1.3,0.87,18,32.25,0.35,0.178,8,2.65,1.31,0.083,5,69,-0.417,-0.283
2025-05-12,ESM5,BOTTOM,54.25,1.88,0.58,3.21,14,16.5,1.14,0.203,5,3.48,1.42,0.005,3,61,-0.336,-0.309
2025-05-13,ESM5,TOP,61.5,0.65,0.33,1.95,206,5.5,1.18,0.089,5,2.75,1.46,0.075,18,242,-0.163,-0.171
2025-05-14,ESM5,BOTTOM,31.75,1.1,0.61,1.81,24,6.25,1.76,0.378,999,2.05,1.19,0.034,4,233,-0.433,-0.433
2025-05-15,ESM5,TOP,57.75,0.78,0.32,2.38,126,12.0,0.65,0.048,5,1.77,1.1,0.207,21,231,-0.087,-0.329
2025-05-16,ESM5,BOTTOM,49.25,1.08,0.43,2.48,74,10.0,1.08,0.152,999,3.2,0.9,0.17,4,74,-0.294,-0.421
2025-05-19,ESM5,TOP,67.5,0.68,0.59,1.14,132,10.5,0.64,0.111,5,1.15,1.32,0.103,18,222,-0.063,-0.196
2025-05-20,ESM5,TOP,42.0,0.85,0.37,2.32,75,8.25,1.03,0.131,5,1.98,0.98,0.114,8,75,-0.155,-0.315
2025-05-20,ESM5,BOTTOM,42.0,1.08,0.42,2.58,45,12.5,0.86,0.19,999,2.33,3.07,0.116,6,335,-0.512,-0.685
2025-05-21,ESM5,TOP,107.25,0.5,0.2,2.5,198,6.0,0.83,0.028,5,1.34,1.15,0.186,21,198,-0.434,-0.545
2025-05-23,ESM5,TOP,55.75,-0.25,0.17,-1.5,103,15.0,-0.17,-0.072,7,1.47,0.82,0.047,21,287,-0.135,-0.058
2025-05-27,ESM5,TOP,65.5,0.48,0.34,1.39,203,6.75,0.7,0.053,5,1.73,1.63,0.121,21,271,-0.038,-0.099
2025-05-29,ESM5,BOTTOM,61.25,2.92,1.31,2.24,8,19.5,1.5,0.4,999,5.44,3.29,0.099,3,150,-0.478,-0.612
2025-05-30,ESM5,BOTTOM,75.5,2.75,1.22,2.26,19,17.25,1.59,0.364,9,4.09,1.72,0.155,6,184,-0.126,-0.248
