day,sym,hi,at,gain10,push,v_hi,conv,ask_add,ask_cxl,refresh,bid_cxl_after,ask_add_after,drop10
2025-02-19,ESH5,6166.5,19:51,2.5,-2.8,3.26,0.376,6513,7093,2.75,5018,13135,-1.75
2025-02-25,ESH5,6007.75,14:36,4.5,3.1,1.66,0.017,17216,16917,14.68,0,4840,-13.0
2025-02-26,ESH5,6023.75,16:14,4.5,-4.4,0.61,0.143,26447,26082,8.22,1204,12014,-2.75
2025-02-27,ESH5,6007.25,14:37,3.5,1.2,1.33,0.095,10462,10225,13.24,0,2028,-16.25
2025-03-04,ESH5,5875.75,20:24,17.5,13.6,1.0,0.108,3826,3505,5.8,0,1715,-41.75
2025-03-05,ESH5,5869.5,20:09,16.0,20.8,0.64,0.136,5912,5620,6.91,0,2499,-14.25
2025-03-06,ESH5,5821.25,16:11,9.25,13.0,0.89,0.054,6676,6407,7.53,0,1499,-19.25
2025-03-10,ESH5,5711.25,13:44,20.25,27.3,1.84,0.057,5788,5462,13.98,140,5508,-22.0
2025-03-11,ESH5,5643.75,18:54,14.25,-130.7,1.78,0.037,4933,4644,11.66,0,781,-13.0
2025-03-13,ESH5,5603.75,14:25,9.5,21.2,2.45,0.056,4533,4291,5.28,0,895,-16.0
2025-03-17,ESH5,5707.5,18:53,6.25,9.7,1.13,0.094,4624,3988,12.67,2075,6768,-6.5
2025-03-19,ESH5,5718.5,19:10,18.5,13.5,4.69,0.02,5214,4133,54.31,0,3965,-16.75
2025-03-20,ESM5,5765.25,14:48,5.75,4.5,0.75,0.005,11788,12194,11.17,538,4258,-9.25
2025-03-25,ESM5,5837.25,14:52,2.5,11.3,1.87,0.132,9612,9587,6.41,1573,4514,-2.5
2025-03-26,ESM5,5834.5,13:40,8.0,-44.7,1.83,0.065,8441,8321,6.3,1079,4457,-13.75
2025-03-27,ESM5,5779.75,15:01,4.75,4.5,1.03,0.031,16883,16691,11.43,0,8789,-0.75
2025-03-28,ESM5,5731.25,13:39,5.5,3.2,1.64,0.043,13165,12820,8.76,2610,8919,-9.0
2025-04-01,ESM5,5694.75,16:20,5.0,-9.0,1.09,0.1,9357,8986,9.65,868,3087,-27.0
2025-04-02,ESM5,5739.25,17:12,13.75,7.1,1.75,0.071,6830,5681,7.25,0,1600,-13.0
2025-04-07,ESM5,5286.5,14:17,292.25,22.8,4.75,0.064,516,433,,0,116,-211.25
2025-04-08,ESM5,5305.25,14:17,22.75,-11.1,1.91,0.296,18972,19095,111.6,6,2036,-3.75
2025-04-09,ESM5,5520.0,19:52,44.75,10.1,2.59,0.041,2022,1366,8.64,0,3593,-24.75
2025-04-11,ESM5,5418.25,17:54,3.75,-2.7,1.62,0.008,4299,3631,30.06,0,532,-10.25
2025-04-15,ESM5,5485.0,14:13,4.25,3.2,1.94,0.044,5864,5676,10.51,0,429,-27.0
2025-04-16,ESM5,5401.0,15:25,27.25,11.0,2.51,0.13,2278,2056,3.81,0,1837,-5.75
2025-04-17,ESM5,5359.5,18:25,7.25,9.5,1.08,0.006,5619,5449,13.87,0,1447,-2.25
2025-04-22,ESM5,5339.25,16:28,11.75,-17.4,1.21,0.027,4705,4366,7.22,0,1003,-5.75
2025-04-23,ESM5,5499.75,14:00,-11.0,-24.2,4.37,0.002,2326,2483,9.73,0,8794,7.0
2025-04-24,ESM5,5520.0,19:50,4.5,4.7,3.75,0.079,2036,1936,4.88,0,3168,-1.5
2025-04-25,ESM5,5554.5,17:28,8.25,4.5,1.08,0.056,3569,3184,9.17,1039,7491,-16.5
2025-04-28,ESM5,5578.75,13:47,17.5,6.2,2.02,0.092,4784,4347,9.63,11,972,-24.5
2025-04-29,ESM5,5597.25,18:05,2.75,2.3,1.57,0.012,6072,5724,6.69,1043,3465,-4.75
2025-05-01,ESM5,5682.5,15:15,3.25,26.0,6.19,0.085,2204,1893,4.09,145,7751,0.5
2025-05-02,ESM5,5724.75,18:37,5.25,8.1,1.47,0.003,4180,4139,5.69,2182,5574,-7.25
2025-05-05,ESM5,5706.25,18:40,3.25,6.4,1.62,0.215,4288,4195,5.11,1235,5346,-2.25
2025-05-06,ESM5,5671.75,16:14,22.25,8.3,4.3,0.048,1946,1431,3.99,0,929,-25.0
2025-05-07,ESM5,5675.0,19:43,49.25,13.6,6.58,0.033,4424,3972,16.09,0,379,-22.5
2025-05-08,ESM5,5741.0,16:52,8.0,7.0,0.88,0.171,7513,7098,5.63,483,7060,-4.75
2025-05-09,ESM5,5710.0,13:38,2.0,-3.7,1.39,0.037,9573,9271,11.4,0,1756,-6.25
2025-05-13,ESM5,5927.0,17:32,6.5,3.2,2.75,0.075,6563,5976,4.36,864,7520,-2.5
2025-05-14,ESM5,5925.0,13:36,5.0,-20.2,2.03,0.169,9747,9431,5.6,25,2357,-14.25
2025-05-15,ESM5,5944.5,17:21,7.75,33.0,1.77,0.207,3259,2988,5.88,5218,10838,-5.0
2025-05-19,ESM5,5987.5,17:12,6.75,9.0,1.15,0.103,8323,7944,14.45,2658,7052,-3.0
2025-05-20,ESM5,5971.0,14:45,8.5,3.9,1.98,0.114,8918,8630,5.9,4819,9887,-2.5
2025-05-21,ESM5,5956.25,16:48,5.0,11.2,1.34,0.186,3399,3177,5.2,4459,11559,-7.5
2025-05-22,ESM5,5895.0,19:28,6.25,9.4,1.49,0.105,6875,6529,4.65,3714,9278,-9.0
2025-05-23,ESM5,5843.75,18:17,-2.5,5.4,1.47,0.047,4335,4288,10.42,0,604,-2.75
2025-05-26,ESM5,5893.0,13:35,5.5,,5.67,0.192,1165,1152,2.9,388,1053,-1.0
2025-05-27,ESM5,5938.75,18:01,4.75,7.2,1.73,0.121,6694,6305,9.11,0,1023,-2.0
2025-05-28,ESM5,5952.5,13:40,8.75,4.5,3.45,0.057,5177,4646,5.95,0,2835,-15.75
2025-05-30,ESM5,5932.75,19:37,5.25,33.2,1.63,0.153,5379,5171,6.72,860,3087,-11.25
